Copyright 1986-2022 Xilinx, Inc. All Rights Reserved. Copyright 2022-2023 Advanced Micro Devices, Inc. All Rights Reserved.
------------------------------------------------------------------------------------------------------------------------------------------------------------------------------------------------------------------------------
| Tool Version : Vivado v.2023.2 (win64) Build 4029153 Fri Oct 13 20:14:34 MDT 2023
| Date         : Mon Sep 14 14:51:19 2026
| Host         : Athena running 64-bit major release  (build 9200)
| Command      : report_timing_summary -max_paths 10 -report_unconstrained -file rgb_led_top_timing_summary_routed.rpt -pb rgb_led_top_timing_summary_routed.pb -rpx rgb_led_top_timing_summary_routed.rpx -warn_on_violation
| Design       : rgb_led_top
| Device       : 7z010-clg400
| Speed File   : -1  PRODUCTION 1.12 2019-11-22
| Design State : Routed
------------------------------------------------------------------------------------------------------------------------------------------------------------------------------------------------------------------------------

Timing Summary Report

------------------------------------------------------------------------------------------------
| Timer Settings
| --------------
------------------------------------------------------------------------------------------------

  Enable Multi Corner Analysis               :  Yes
  Enable Pessimism Removal                   :  Yes
  Pessimism Removal Resolution               :  Nearest Common Node
  Enable Input Delay Default Clock           :  No
  Enable Preset / Clear Arcs                 :  No
  Disable Flight Delays                      :  No
  Ignore I/O Paths                           :  No
  Timing Early Launch at Borrowing Latches   :  No
  Borrow Time for Max Delay Exceptions       :  Yes
  Merge Timing Exceptions                    :  Yes
  Inter-SLR Compensation                     :  Conservative

  Corner  Analyze    Analyze    
  Name    Max Paths  Min Paths  
  ------  ---------  ---------  
  Slow    Yes        Yes        
  Fast    Yes        Yes        


------------------------------------------------------------------------------------------------
| Report Methodology
| ------------------
------------------------------------------------------------------------------------------------

Rule       Severity  Description                    Violations  
---------  --------  -----------------------------  ----------  
TIMING-18  Warning   Missing input or output delay  4           

Note: This report is based on the most recent report_methodology run and may not be up-to-date. Run report_methodology on the current design for the latest report.



check_timing report

Table of Contents
-----------------
1. checking no_clock (0)
2. checking constant_clock (0)
3. checking pulse_width_clock (0)
4. checking unconstrained_internal_endpoints (0)
5. checking no_input_delay (1)
6. checking no_output_delay (3)
7. checking multiple_clock (0)
8. checking generated_clocks (0)
9. checking loops (0)
10. checking partial_input_delay (0)
11. checking partial_output_delay (0)
12. checking latch_loops (0)

1. checking no_clock (0)
------------------------
 There are 0 register/latch pins with no clock.


2. checking constant_clock (0)
------------------------------
 There are 0 register/latch pins with constant_clock.


3. checking pulse_width_clock (0)
---------------------------------
 There are 0 register/latch pins which need pulse_width check


4. checking unconstrained_internal_endpoints (0)
------------------------------------------------
 There are 0 pins that are not constrained for maximum delay.

 There are 0 pins that are not constrained for maximum delay due to constant clock.


5. checking no_input_delay (1)
------------------------------
 There is 1 input port with no input delay specified. (HIGH)

 There are 0 input ports with no input delay but user has a false path constraint.


6. checking no_output_delay (3)
-------------------------------
 There are 3 ports with no output delay specified. (HIGH)

 There are 0 ports with no output delay but user has a false path constraint

 There are 0 ports with no output delay but with a timing clock defined on it or propagating through it


7. checking multiple_clock (0)
------------------------------
 There are 0 register/latch pins with multiple clocks.


8. checking generated_clocks (0)
--------------------------------
 There are 0 generated clocks that are not connected to a clock source.


9. checking loops (0)
---------------------
 There are 0 combinational loops in the design.


10. checking partial_input_delay (0)
------------------------------------
 There are 0 input ports with partial input delay specified.


11. checking partial_output_delay (0)
-------------------------------------
 There are 0 ports with partial output delay specified.


12. checking latch_loops (0)
----------------------------
 There are 0 combinational latch loops in the design through latch input



------------------------------------------------------------------------------------------------
| Design Timing Summary
| ---------------------
------------------------------------------------------------------------------------------------

    WNS(ns)      TNS(ns)  TNS Failing Endpoints  TNS Total Endpoints      WHS(ns)      THS(ns)  THS Failing Endpoints  THS Total Endpoints     WPWS(ns)     TPWS(ns)  TPWS Failing Endpoints  TPWS Total Endpoints  
    -------      -------  ---------------------  -------------------      -------      -------  ---------------------  -------------------     --------     --------  ----------------------  --------------------  
      3.175        0.000                      0                   53        0.263        0.000                      0                   53        3.500        0.000                       0                    28  


All user specified timing constraints are met.


------------------------------------------------------------------------------------------------
| Clock Summary
| -------------
------------------------------------------------------------------------------------------------

Clock        Waveform(ns)         Period(ns)      Frequency(MHz)
-----        ------------         ----------      --------------
sys_clk_pin  {0.000 4.000}        8.000           125.000         


------------------------------------------------------------------------------------------------
| Intra Clock Table
| -----------------
------------------------------------------------------------------------------------------------

Clock             WNS(ns)      TNS(ns)  TNS Failing Endpoints  TNS Total Endpoints      WHS(ns)      THS(ns)  THS Failing Endpoints  THS Total Endpoints     WPWS(ns)     TPWS(ns)  TPWS Failing Endpoints  TPWS Total Endpoints  
-----             -------      -------  ---------------------  -------------------      -------      -------  ---------------------  -------------------     --------     --------  ----------------------  --------------------  
sys_clk_pin         3.175        0.000                      0                   53        0.263        0.000                      0                   53        3.500        0.000                       0                    28  


------------------------------------------------------------------------------------------------
| Inter Clock Table
| -----------------
------------------------------------------------------------------------------------------------

From Clock    To Clock          WNS(ns)      TNS(ns)  TNS Failing Endpoints  TNS Total Endpoints      WHS(ns)      THS(ns)  THS Failing Endpoints  THS Total Endpoints  
----------    --------          -------      -------  ---------------------  -------------------      -------      -------  ---------------------  -------------------  


------------------------------------------------------------------------------------------------
| Other Path Groups Table
| -----------------------
------------------------------------------------------------------------------------------------

Path Group    From Clock    To Clock          WNS(ns)      TNS(ns)  TNS Failing Endpoints  TNS Total Endpoints      WHS(ns)      THS(ns)  THS Failing Endpoints  THS Total Endpoints  
----------    ----------    --------          -------      -------  ---------------------  -------------------      -------      -------  ---------------------  -------------------  


------------------------------------------------------------------------------------------------
| User Ignored Path Table
| -----------------------
------------------------------------------------------------------------------------------------

Path Group    From Clock    To Clock    
----------    ----------    --------    


------------------------------------------------------------------------------------------------
| Unconstrained Path Table
| ------------------------
------------------------------------------------------------------------------------------------

Path Group    From Clock    To Clock    
----------    ----------    --------    
(none)                                    
(none)        sys_clk_pin                 
(none)                      sys_clk_pin   


------------------------------------------------------------------------------------------------
| Timing Details
| --------------
------------------------------------------------------------------------------------------------


---------------------------------------------------------------------------------------------------
From Clock:  sys_clk_pin
  To Clock:  sys_clk_pin

Setup :            0  Failing Endpoints,  Worst Slack        3.175ns,  Total Violation        0.000ns
Hold  :            0  Failing Endpoints,  Worst Slack        0.263ns,  Total Violation        0.000ns
PW    :            0  Failing Endpoints,  Worst Slack        3.500ns,  Total Violation        0.000ns
---------------------------------------------------------------------------------------------------


Max Delay Paths
--------------------------------------------------------------------------------------
Slack (MET) :             3.175ns  (required time - arrival time)
  Source:                 blinker/counter_reg[23]/C
                            (rising edge-triggered cell FDRE clocked by sys_clk_pin  {rise@0.000ns fall@4.000ns period=8.000ns})
  Destination:            blinker/counter_reg[24]/R
                            (rising edge-triggered cell FDRE clocked by sys_clk_pin  {rise@0.000ns fall@4.000ns period=8.000ns})
  Path Group:             sys_clk_pin
  Path Type:              Setup (Max at Slow Process Corner)
  Requirement:            8.000ns  (sys_clk_pin rise@8.000ns - sys_clk_pin rise@0.000ns)
  Data Path Delay:        4.240ns  (logic 0.890ns (20.991%)  route 3.350ns (79.009%))
  Logic Levels:           3  (LUT2=1 LUT6=2)
  Clock Path Skew:        -0.026ns (DCD - SCD + CPR)
    Destination Clock Delay (DCD):    4.950ns = ( 12.950 - 8.000 ) 
    Source Clock Delay      (SCD):    5.405ns
    Clock Pessimism Removal (CPR):    0.429ns
  Clock Uncertainty:      0.035ns  ((TSJ^2 + TIJ^2)^1/2 + DJ) / 2 + PE
    Total System Jitter     (TSJ):    0.071ns
    Total Input Jitter      (TIJ):    0.000ns
    Discrete Jitter          (DJ):    0.000ns
    Phase Error              (PE):    0.000ns

    Location             Delay type                Incr(ns)  Path(ns)    Netlist Resource(s)
  -------------------------------------------------------------------    -------------------
                         (clock sys_clk_pin rise edge)
                                                      0.000     0.000 r  
    K17                                               0.000     0.000 r  sys_clk (IN)
                         net (fo=0)                   0.000     0.000    sys_clk
    K17                  IBUF (Prop_ibuf_I_O)         1.492     1.492 r  sys_clk_IBUF_inst/O
                         net (fo=1, routed)           2.076     3.568    sys_clk_IBUF
    BUFGCTRL_X0Y16       BUFG (Prop_bufg_I_O)         0.101     3.669 r  sys_clk_IBUF_BUFG_inst/O
                         net (fo=27, routed)          1.736     5.405    blinker/sys_clk
    SLICE_X42Y62         FDRE                                         r  blinker/counter_reg[23]/C
  -------------------------------------------------------------------    -------------------
    SLICE_X42Y62         FDRE (Prop_fdre_C_Q)         0.518     5.923 r  blinker/counter_reg[23]/Q
                         net (fo=2, routed)           1.138     7.061    blinker/counter_reg[23]
    SLICE_X43Y62         LUT6 (Prop_lut6_I0_O)        0.124     7.185 r  blinker/counter[0]_i_6/O
                         net (fo=1, routed)           1.099     8.284    blinker/counter[0]_i_6_n_0
    SLICE_X43Y58         LUT6 (Prop_lut6_I1_O)        0.124     8.408 r  blinker/counter[0]_i_3/O
                         net (fo=2, routed)           0.165     8.573    blinker/led_state
    SLICE_X43Y58         LUT2 (Prop_lut2_I0_O)        0.124     8.697 r  blinker/counter[0]_i_1/O
                         net (fo=26, routed)          0.948     9.645    blinker/counter[0]_i_1_n_0
    SLICE_X42Y63         FDRE                                         r  blinker/counter_reg[24]/R
  -------------------------------------------------------------------    -------------------

                         (clock sys_clk_pin rise edge)
                                                      8.000     8.000 r  
    K17                                               0.000     8.000 r  sys_clk (IN)
                         net (fo=0)                   0.000     8.000    sys_clk
    K17                  IBUF (Prop_ibuf_I_O)         1.421     9.421 r  sys_clk_IBUF_inst/O
                         net (fo=1, routed)           1.880    11.301    sys_clk_IBUF
    BUFGCTRL_X0Y16       BUFG (Prop_bufg_I_O)         0.091    11.392 r  sys_clk_IBUF_BUFG_inst/O
                         net (fo=27, routed)          1.558    12.950    blinker/sys_clk
    SLICE_X42Y63         FDRE                                         r  blinker/counter_reg[24]/C
                         clock pessimism              0.429    13.379    
                         clock uncertainty           -0.035    13.343    
    SLICE_X42Y63         FDRE (Setup_fdre_C_R)       -0.524    12.819    blinker/counter_reg[24]
  -------------------------------------------------------------------
                         required time                         12.819    
                         arrival time                          -9.645    
  -------------------------------------------------------------------
                         slack                                  3.175    

Slack (MET) :             3.175ns  (required time - arrival time)
  Source:                 blinker/counter_reg[23]/C
                            (rising edge-triggered cell FDRE clocked by sys_clk_pin  {rise@0.000ns fall@4.000ns period=8.000ns})
  Destination:            blinker/counter_reg[25]/R
                            (rising edge-triggered cell FDRE clocked by sys_clk_pin  {rise@0.000ns fall@4.000ns period=8.000ns})
  Path Group:             sys_clk_pin
  Path Type:              Setup (Max at Slow Process Corner)
  Requirement:            8.000ns  (sys_clk_pin rise@8.000ns - sys_clk_pin rise@0.000ns)
  Data Path Delay:        4.240ns  (logic 0.890ns (20.991%)  route 3.350ns (79.009%))
  Logic Levels:           3  (LUT2=1 LUT6=2)
  Clock Path Skew:        -0.026ns (DCD - SCD + CPR)
    Destination Clock Delay (DCD):    4.950ns = ( 12.950 - 8.000 ) 
    Source Clock Delay      (SCD):    5.405ns
    Clock Pessimism Removal (CPR):    0.429ns
  Clock Uncertainty:      0.035ns  ((TSJ^2 + TIJ^2)^1/2 + DJ) / 2 + PE
    Total System Jitter     (TSJ):    0.071ns
    Total Input Jitter      (TIJ):    0.000ns
    Discrete Jitter          (DJ):    0.000ns
    Phase Error              (PE):    0.000ns

    Location             Delay type                Incr(ns)  Path(ns)    Netlist Resource(s)
  -------------------------------------------------------------------    -------------------
                         (clock sys_clk_pin rise edge)
                                                      0.000     0.000 r  
    K17                                               0.000     0.000 r  sys_clk (IN)
                         net (fo=0)                   0.000     0.000    sys_clk
    K17                  IBUF (Prop_ibuf_I_O)         1.492     1.492 r  sys_clk_IBUF_inst/O
                         net (fo=1, routed)           2.076     3.568    sys_clk_IBUF
    BUFGCTRL_X0Y16       BUFG (Prop_bufg_I_O)         0.101     3.669 r  sys_clk_IBUF_BUFG_inst/O
                         net (fo=27, routed)          1.736     5.405    blinker/sys_clk
    SLICE_X42Y62         FDRE                                         r  blinker/counter_reg[23]/C
  -------------------------------------------------------------------    -------------------
    SLICE_X42Y62         FDRE (Prop_fdre_C_Q)         0.518     5.923 r  blinker/counter_reg[23]/Q
                         net (fo=2, routed)           1.138     7.061    blinker/counter_reg[23]
    SLICE_X43Y62         LUT6 (Prop_lut6_I0_O)        0.124     7.185 r  blinker/counter[0]_i_6/O
                         net (fo=1, routed)           1.099     8.284    blinker/counter[0]_i_6_n_0
    SLICE_X43Y58         LUT6 (Prop_lut6_I1_O)        0.124     8.408 r  blinker/counter[0]_i_3/O
                         net (fo=2, routed)           0.165     8.573    blinker/led_state
    SLICE_X43Y58         LUT2 (Prop_lut2_I0_O)        0.124     8.697 r  blinker/counter[0]_i_1/O
                         net (fo=26, routed)          0.948     9.645    blinker/counter[0]_i_1_n_0
    SLICE_X42Y63         FDRE                                         r  blinker/counter_reg[25]/R
  -------------------------------------------------------------------    -------------------

                         (clock sys_clk_pin rise edge)
                                                      8.000     8.000 r  
    K17                                               0.000     8.000 r  sys_clk (IN)
                         net (fo=0)                   0.000     8.000    sys_clk
    K17                  IBUF (Prop_ibuf_I_O)         1.421     9.421 r  sys_clk_IBUF_inst/O
                         net (fo=1, routed)           1.880    11.301    sys_clk_IBUF
    BUFGCTRL_X0Y16       BUFG (Prop_bufg_I_O)         0.091    11.392 r  sys_clk_IBUF_BUFG_inst/O
                         net (fo=27, routed)          1.558    12.950    blinker/sys_clk
    SLICE_X42Y63         FDRE                                         r  blinker/counter_reg[25]/C
                         clock pessimism              0.429    13.379    
                         clock uncertainty           -0.035    13.343    
    SLICE_X42Y63         FDRE (Setup_fdre_C_R)       -0.524    12.819    blinker/counter_reg[25]
  -------------------------------------------------------------------
                         required time                         12.819    
                         arrival time                          -9.645    
  -------------------------------------------------------------------
                         slack                                  3.175    

Slack (MET) :             3.339ns  (required time - arrival time)
  Source:                 blinker/counter_reg[23]/C
                            (rising edge-triggered cell FDRE clocked by sys_clk_pin  {rise@0.000ns fall@4.000ns period=8.000ns})
  Destination:            blinker/counter_reg[20]/R
                            (rising edge-triggered cell FDRE clocked by sys_clk_pin  {rise@0.000ns fall@4.000ns period=8.000ns})
  Path Group:             sys_clk_pin
  Path Type:              Setup (Max at Slow Process Corner)
  Requirement:            8.000ns  (sys_clk_pin rise@8.000ns - sys_clk_pin rise@0.000ns)
  Data Path Delay:        4.102ns  (logic 0.890ns (21.699%)  route 3.212ns (78.301%))
  Logic Levels:           3  (LUT2=1 LUT6=2)
  Clock Path Skew:        0.000ns (DCD - SCD + CPR)
    Destination Clock Delay (DCD):    4.951ns = ( 12.951 - 8.000 ) 
    Source Clock Delay      (SCD):    5.405ns
    Clock Pessimism Removal (CPR):    0.454ns
  Clock Uncertainty:      0.035ns  ((TSJ^2 + TIJ^2)^1/2 + DJ) / 2 + PE
    Total System Jitter     (TSJ):    0.071ns
    Total Input Jitter      (TIJ):    0.000ns
    Discrete Jitter          (DJ):    0.000ns
    Phase Error              (PE):    0.000ns

    Location             Delay type                Incr(ns)  Path(ns)    Netlist Resource(s)
  -------------------------------------------------------------------    -------------------
                         (clock sys_clk_pin rise edge)
                                                      0.000     0.000 r  
    K17                                               0.000     0.000 r  sys_clk (IN)
                         net (fo=0)                   0.000     0.000    sys_clk
    K17                  IBUF (Prop_ibuf_I_O)         1.492     1.492 r  sys_clk_IBUF_inst/O
                         net (fo=1, routed)           2.076     3.568    sys_clk_IBUF
    BUFGCTRL_X0Y16       BUFG (Prop_bufg_I_O)         0.101     3.669 r  sys_clk_IBUF_BUFG_inst/O
                         net (fo=27, routed)          1.736     5.405    blinker/sys_clk
    SLICE_X42Y62         FDRE                                         r  blinker/counter_reg[23]/C
  -------------------------------------------------------------------    -------------------
    SLICE_X42Y62         FDRE (Prop_fdre_C_Q)         0.518     5.923 r  blinker/counter_reg[23]/Q
                         net (fo=2, routed)           1.138     7.061    blinker/counter_reg[23]
    SLICE_X43Y62         LUT6 (Prop_lut6_I0_O)        0.124     7.185 r  blinker/counter[0]_i_6/O
                         net (fo=1, routed)           1.099     8.284    blinker/counter[0]_i_6_n_0
    SLICE_X43Y58         LUT6 (Prop_lut6_I1_O)        0.124     8.408 r  blinker/counter[0]_i_3/O
                         net (fo=2, routed)           0.165     8.573    blinker/led_state
    SLICE_X43Y58         LUT2 (Prop_lut2_I0_O)        0.124     8.697 r  blinker/counter[0]_i_1/O
                         net (fo=26, routed)          0.809     9.506    blinker/counter[0]_i_1_n_0
    SLICE_X42Y62         FDRE                                         r  blinker/counter_reg[20]/R
  -------------------------------------------------------------------    -------------------

                         (clock sys_clk_pin rise edge)
                                                      8.000     8.000 r  
    K17                                               0.000     8.000 r  sys_clk (IN)
                         net (fo=0)                   0.000     8.000    sys_clk
    K17                  IBUF (Prop_ibuf_I_O)         1.421     9.421 r  sys_clk_IBUF_inst/O
                         net (fo=1, routed)           1.880    11.301    sys_clk_IBUF
    BUFGCTRL_X0Y16       BUFG (Prop_bufg_I_O)         0.091    11.392 r  sys_clk_IBUF_BUFG_inst/O
                         net (fo=27, routed)          1.559    12.951    blinker/sys_clk
    SLICE_X42Y62         FDRE                                         r  blinker/counter_reg[20]/C
                         clock pessimism              0.454    13.405    
                         clock uncertainty           -0.035    13.369    
    SLICE_X42Y62         FDRE (Setup_fdre_C_R)       -0.524    12.845    blinker/counter_reg[20]
  -------------------------------------------------------------------
                         required time                         12.845    
                         arrival time                          -9.506    
  -------------------------------------------------------------------
                         slack                                  3.339    

Slack (MET) :             3.339ns  (required time - arrival time)
  Source:                 blinker/counter_reg[23]/C
                            (rising edge-triggered cell FDRE clocked by sys_clk_pin  {rise@0.000ns fall@4.000ns period=8.000ns})
  Destination:            blinker/counter_reg[21]/R
                            (rising edge-triggered cell FDRE clocked by sys_clk_pin  {rise@0.000ns fall@4.000ns period=8.000ns})
  Path Group:             sys_clk_pin
  Path Type:              Setup (Max at Slow Process Corner)
  Requirement:            8.000ns  (sys_clk_pin rise@8.000ns - sys_clk_pin rise@0.000ns)
  Data Path Delay:        4.102ns  (logic 0.890ns (21.699%)  route 3.212ns (78.301%))
  Logic Levels:           3  (LUT2=1 LUT6=2)
  Clock Path Skew:        0.000ns (DCD - SCD + CPR)
    Destination Clock Delay (DCD):    4.951ns = ( 12.951 - 8.000 ) 
    Source Clock Delay      (SCD):    5.405ns
    Clock Pessimism Removal (CPR):    0.454ns
  Clock Uncertainty:      0.035ns  ((TSJ^2 + TIJ^2)^1/2 + DJ) / 2 + PE
    Total System Jitter     (TSJ):    0.071ns
    Total Input Jitter      (TIJ):    0.000ns
    Discrete Jitter          (DJ):    0.000ns
    Phase Error              (PE):    0.000ns

    Location             Delay type                Incr(ns)  Path(ns)    Netlist Resource(s)
  -------------------------------------------------------------------    -------------------
                         (clock sys_clk_pin rise edge)
                                                      0.000     0.000 r  
    K17                                               0.000     0.000 r  sys_clk (IN)
                         net (fo=0)                   0.000     0.000    sys_clk
    K17                  IBUF (Prop_ibuf_I_O)         1.492     1.492 r  sys_clk_IBUF_inst/O
                         net (fo=1, routed)           2.076     3.568    sys_clk_IBUF
    BUFGCTRL_X0Y16       BUFG (Prop_bufg_I_O)         0.101     3.669 r  sys_clk_IBUF_BUFG_inst/O
                         net (fo=27, routed)          1.736     5.405    blinker/sys_clk
    SLICE_X42Y62         FDRE                                         r  blinker/counter_reg[23]/C
  -------------------------------------------------------------------    -------------------
    SLICE_X42Y62         FDRE (Prop_fdre_C_Q)         0.518     5.923 r  blinker/counter_reg[23]/Q
                         net (fo=2, routed)           1.138     7.061    blinker/counter_reg[23]
    SLICE_X43Y62         LUT6 (Prop_lut6_I0_O)        0.124     7.185 r  blinker/counter[0]_i_6/O
                         net (fo=1, routed)           1.099     8.284    blinker/counter[0]_i_6_n_0
    SLICE_X43Y58         LUT6 (Prop_lut6_I1_O)        0.124     8.408 r  blinker/counter[0]_i_3/O
                         net (fo=2, routed)           0.165     8.573    blinker/led_state
    SLICE_X43Y58         LUT2 (Prop_lut2_I0_O)        0.124     8.697 r  blinker/counter[0]_i_1/O
                         net (fo=26, routed)          0.809     9.506    blinker/counter[0]_i_1_n_0
    SLICE_X42Y62         FDRE                                         r  blinker/counter_reg[21]/R
  -------------------------------------------------------------------    -------------------

                         (clock sys_clk_pin rise edge)
                                                      8.000     8.000 r  
    K17                                               0.000     8.000 r  sys_clk (IN)
                         net (fo=0)                   0.000     8.000    sys_clk
    K17                  IBUF (Prop_ibuf_I_O)         1.421     9.421 r  sys_clk_IBUF_inst/O
                         net (fo=1, routed)           1.880    11.301    sys_clk_IBUF
    BUFGCTRL_X0Y16       BUFG (Prop_bufg_I_O)         0.091    11.392 r  sys_clk_IBUF_BUFG_inst/O
                         net (fo=27, routed)          1.559    12.951    blinker/sys_clk
    SLICE_X42Y62         FDRE                                         r  blinker/counter_reg[21]/C
                         clock pessimism              0.454    13.405    
                         clock uncertainty           -0.035    13.369    
    SLICE_X42Y62         FDRE (Setup_fdre_C_R)       -0.524    12.845    blinker/counter_reg[21]
  -------------------------------------------------------------------
                         required time                         12.845    
                         arrival time                          -9.506    
  -------------------------------------------------------------------
                         slack                                  3.339    

Slack (MET) :             3.339ns  (required time - arrival time)
  Source:                 blinker/counter_reg[23]/C
                            (rising edge-triggered cell FDRE clocked by sys_clk_pin  {rise@0.000ns fall@4.000ns period=8.000ns})
  Destination:            blinker/counter_reg[22]/R
                            (rising edge-triggered cell FDRE clocked by sys_clk_pin  {rise@0.000ns fall@4.000ns period=8.000ns})
  Path Group:             sys_clk_pin
  Path Type:              Setup (Max at Slow Process Corner)
  Requirement:            8.000ns  (sys_clk_pin rise@8.000ns - sys_clk_pin rise@0.000ns)
  Data Path Delay:        4.102ns  (logic 0.890ns (21.699%)  route 3.212ns (78.301%))
  Logic Levels:           3  (LUT2=1 LUT6=2)
  Clock Path Skew:        0.000ns (DCD - SCD + CPR)
    Destination Clock Delay (DCD):    4.951ns = ( 12.951 - 8.000 ) 
    Source Clock Delay      (SCD):    5.405ns
    Clock Pessimism Removal (CPR):    0.454ns
  Clock Uncertainty:      0.035ns  ((TSJ^2 + TIJ^2)^1/2 + DJ) / 2 + PE
    Total System Jitter     (TSJ):    0.071ns
    Total Input Jitter      (TIJ):    0.000ns
    Discrete Jitter          (DJ):    0.000ns
    Phase Error              (PE):    0.000ns

    Location             Delay type                Incr(ns)  Path(ns)    Netlist Resource(s)
  -------------------------------------------------------------------    -------------------
                         (clock sys_clk_pin rise edge)
                                                      0.000     0.000 r  
    K17                                               0.000     0.000 r  sys_clk (IN)
                         net (fo=0)                   0.000     0.000    sys_clk
    K17                  IBUF (Prop_ibuf_I_O)         1.492     1.492 r  sys_clk_IBUF_inst/O
                         net (fo=1, routed)           2.076     3.568    sys_clk_IBUF
    BUFGCTRL_X0Y16       BUFG (Prop_bufg_I_O)         0.101     3.669 r  sys_clk_IBUF_BUFG_inst/O
                         net (fo=27, routed)          1.736     5.405    blinker/sys_clk
    SLICE_X42Y62         FDRE                                         r  blinker/counter_reg[23]/C
  -------------------------------------------------------------------    -------------------
    SLICE_X42Y62         FDRE (Prop_fdre_C_Q)         0.518     5.923 r  blinker/counter_reg[23]/Q
                         net (fo=2, routed)           1.138     7.061    blinker/counter_reg[23]
    SLICE_X43Y62         LUT6 (Prop_lut6_I0_O)        0.124     7.185 r  blinker/counter[0]_i_6/O
                         net (fo=1, routed)           1.099     8.284    blinker/counter[0]_i_6_n_0
    SLICE_X43Y58         LUT6 (Prop_lut6_I1_O)        0.124     8.408 r  blinker/counter[0]_i_3/O
                         net (fo=2, routed)           0.165     8.573    blinker/led_state
    SLICE_X43Y58         LUT2 (Prop_lut2_I0_O)        0.124     8.697 r  blinker/counter[0]_i_1/O
                         net (fo=26, routed)          0.809     9.506    blinker/counter[0]_i_1_n_0
    SLICE_X42Y62         FDRE                                         r  blinker/counter_reg[22]/R
  -------------------------------------------------------------------    -------------------

                         (clock sys_clk_pin rise edge)
                                                      8.000     8.000 r  
    K17                                               0.000     8.000 r  sys_clk (IN)
                         net (fo=0)                   0.000     8.000    sys_clk
    K17                  IBUF (Prop_ibuf_I_O)         1.421     9.421 r  sys_clk_IBUF_inst/O
                         net (fo=1, routed)           1.880    11.301    sys_clk_IBUF
    BUFGCTRL_X0Y16       BUFG (Prop_bufg_I_O)         0.091    11.392 r  sys_clk_IBUF_BUFG_inst/O
                         net (fo=27, routed)          1.559    12.951    blinker/sys_clk
    SLICE_X42Y62         FDRE                                         r  blinker/counter_reg[22]/C
                         clock pessimism              0.454    13.405    
                         clock uncertainty           -0.035    13.369    
    SLICE_X42Y62         FDRE (Setup_fdre_C_R)       -0.524    12.845    blinker/counter_reg[22]
  -------------------------------------------------------------------
                         required time                         12.845    
                         arrival time                          -9.506    
  -------------------------------------------------------------------
                         slack                                  3.339    

Slack (MET) :             3.339ns  (required time - arrival time)
  Source:                 blinker/counter_reg[23]/C
                            (rising edge-triggered cell FDRE clocked by sys_clk_pin  {rise@0.000ns fall@4.000ns period=8.000ns})
  Destination:            blinker/counter_reg[23]/R
                            (rising edge-triggered cell FDRE clocked by sys_clk_pin  {rise@0.000ns fall@4.000ns period=8.000ns})
  Path Group:             sys_clk_pin
  Path Type:              Setup (Max at Slow Process Corner)
  Requirement:            8.000ns  (sys_clk_pin rise@8.000ns - sys_clk_pin rise@0.000ns)
  Data Path Delay:        4.102ns  (logic 0.890ns (21.699%)  route 3.212ns (78.301%))
  Logic Levels:           3  (LUT2=1 LUT6=2)
  Clock Path Skew:        0.000ns (DCD - SCD + CPR)
    Destination Clock Delay (DCD):    4.951ns = ( 12.951 - 8.000 ) 
    Source Clock Delay      (SCD):    5.405ns
    Clock Pessimism Removal (CPR):    0.454ns
  Clock Uncertainty:      0.035ns  ((TSJ^2 + TIJ^2)^1/2 + DJ) / 2 + PE
    Total System Jitter     (TSJ):    0.071ns
    Total Input Jitter      (TIJ):    0.000ns
    Discrete Jitter          (DJ):    0.000ns
    Phase Error              (PE):    0.000ns

    Location             Delay type                Incr(ns)  Path(ns)    Netlist Resource(s)
  -------------------------------------------------------------------    -------------------
                         (clock sys_clk_pin rise edge)
                                                      0.000     0.000 r  
    K17                                               0.000     0.000 r  sys_clk (IN)
                         net (fo=0)                   0.000     0.000    sys_clk
    K17                  IBUF (Prop_ibuf_I_O)         1.492     1.492 r  sys_clk_IBUF_inst/O
                         net (fo=1, routed)           2.076     3.568    sys_clk_IBUF
    BUFGCTRL_X0Y16       BUFG (Prop_bufg_I_O)         0.101     3.669 r  sys_clk_IBUF_BUFG_inst/O
                         net (fo=27, routed)          1.736     5.405    blinker/sys_clk
    SLICE_X42Y62         FDRE                                         r  blinker/counter_reg[23]/C
  -------------------------------------------------------------------    -------------------
    SLICE_X42Y62         FDRE (Prop_fdre_C_Q)         0.518     5.923 r  blinker/counter_reg[23]/Q
                         net (fo=2, routed)           1.138     7.061    blinker/counter_reg[23]
    SLICE_X43Y62         LUT6 (Prop_lut6_I0_O)        0.124     7.185 r  blinker/counter[0]_i_6/O
                         net (fo=1, routed)           1.099     8.284    blinker/counter[0]_i_6_n_0
    SLICE_X43Y58         LUT6 (Prop_lut6_I1_O)        0.124     8.408 r  blinker/counter[0]_i_3/O
                         net (fo=2, routed)           0.165     8.573    blinker/led_state
    SLICE_X43Y58         LUT2 (Prop_lut2_I0_O)        0.124     8.697 r  blinker/counter[0]_i_1/O
                         net (fo=26, routed)          0.809     9.506    blinker/counter[0]_i_1_n_0
    SLICE_X42Y62         FDRE                                         r  blinker/counter_reg[23]/R
  -------------------------------------------------------------------    -------------------

                         (clock sys_clk_pin rise edge)
                                                      8.000     8.000 r  
    K17                                               0.000     8.000 r  sys_clk (IN)
                         net (fo=0)                   0.000     8.000    sys_clk
    K17                  IBUF (Prop_ibuf_I_O)         1.421     9.421 r  sys_clk_IBUF_inst/O
                         net (fo=1, routed)           1.880    11.301    sys_clk_IBUF
    BUFGCTRL_X0Y16       BUFG (Prop_bufg_I_O)         0.091    11.392 r  sys_clk_IBUF_BUFG_inst/O
                         net (fo=27, routed)          1.559    12.951    blinker/sys_clk
    SLICE_X42Y62         FDRE                                         r  blinker/counter_reg[23]/C
                         clock pessimism              0.454    13.405    
                         clock uncertainty           -0.035    13.369    
    SLICE_X42Y62         FDRE (Setup_fdre_C_R)       -0.524    12.845    blinker/counter_reg[23]
  -------------------------------------------------------------------
                         required time                         12.845    
                         arrival time                          -9.506    
  -------------------------------------------------------------------
                         slack                                  3.339    

Slack (MET) :             3.463ns  (required time - arrival time)
  Source:                 blinker/counter_reg[23]/C
                            (rising edge-triggered cell FDRE clocked by sys_clk_pin  {rise@0.000ns fall@4.000ns period=8.000ns})
  Destination:            blinker/counter_reg[16]/R
                            (rising edge-triggered cell FDRE clocked by sys_clk_pin  {rise@0.000ns fall@4.000ns period=8.000ns})
  Path Group:             sys_clk_pin
  Path Type:              Setup (Max at Slow Process Corner)
  Requirement:            8.000ns  (sys_clk_pin rise@8.000ns - sys_clk_pin rise@0.000ns)
  Data Path Delay:        3.953ns  (logic 0.890ns (22.513%)  route 3.063ns (77.487%))
  Logic Levels:           3  (LUT2=1 LUT6=2)
  Clock Path Skew:        -0.024ns (DCD - SCD + CPR)
    Destination Clock Delay (DCD):    4.952ns = ( 12.952 - 8.000 ) 
    Source Clock Delay      (SCD):    5.405ns
    Clock Pessimism Removal (CPR):    0.429ns
  Clock Uncertainty:      0.035ns  ((TSJ^2 + TIJ^2)^1/2 + DJ) / 2 + PE
    Total System Jitter     (TSJ):    0.071ns
    Total Input Jitter      (TIJ):    0.000ns
    Discrete Jitter          (DJ):    0.000ns
    Phase Error              (PE):    0.000ns

    Location             Delay type                Incr(ns)  Path(ns)    Netlist Resource(s)
  -------------------------------------------------------------------    -------------------
                         (clock sys_clk_pin rise edge)
                                                      0.000     0.000 r  
    K17                                               0.000     0.000 r  sys_clk (IN)
                         net (fo=0)                   0.000     0.000    sys_clk
    K17                  IBUF (Prop_ibuf_I_O)         1.492     1.492 r  sys_clk_IBUF_inst/O
                         net (fo=1, routed)           2.076     3.568    sys_clk_IBUF
    BUFGCTRL_X0Y16       BUFG (Prop_bufg_I_O)         0.101     3.669 r  sys_clk_IBUF_BUFG_inst/O
                         net (fo=27, routed)          1.736     5.405    blinker/sys_clk
    SLICE_X42Y62         FDRE                                         r  blinker/counter_reg[23]/C
  -------------------------------------------------------------------    -------------------
    SLICE_X42Y62         FDRE (Prop_fdre_C_Q)         0.518     5.923 r  blinker/counter_reg[23]/Q
                         net (fo=2, routed)           1.138     7.061    blinker/counter_reg[23]
    SLICE_X43Y62         LUT6 (Prop_lut6_I0_O)        0.124     7.185 r  blinker/counter[0]_i_6/O
                         net (fo=1, routed)           1.099     8.284    blinker/counter[0]_i_6_n_0
    SLICE_X43Y58         LUT6 (Prop_lut6_I1_O)        0.124     8.408 r  blinker/counter[0]_i_3/O
                         net (fo=2, routed)           0.165     8.573    blinker/led_state
    SLICE_X43Y58         LUT2 (Prop_lut2_I0_O)        0.124     8.697 r  blinker/counter[0]_i_1/O
                         net (fo=26, routed)          0.661     9.358    blinker/counter[0]_i_1_n_0
    SLICE_X42Y61         FDRE                                         r  blinker/counter_reg[16]/R
  -------------------------------------------------------------------    -------------------

                         (clock sys_clk_pin rise edge)
                                                      8.000     8.000 r  
    K17                                               0.000     8.000 r  sys_clk (IN)
                         net (fo=0)                   0.000     8.000    sys_clk
    K17                  IBUF (Prop_ibuf_I_O)         1.421     9.421 r  sys_clk_IBUF_inst/O
                         net (fo=1, routed)           1.880    11.301    sys_clk_IBUF
    BUFGCTRL_X0Y16       BUFG (Prop_bufg_I_O)         0.091    11.392 r  sys_clk_IBUF_BUFG_inst/O
                         net (fo=27, routed)          1.560    12.952    blinker/sys_clk
    SLICE_X42Y61         FDRE                                         r  blinker/counter_reg[16]/C
                         clock pessimism              0.429    13.381    
                         clock uncertainty           -0.035    13.345    
    SLICE_X42Y61         FDRE (Setup_fdre_C_R)       -0.524    12.821    blinker/counter_reg[16]
  -------------------------------------------------------------------
                         required time                         12.821    
                         arrival time                          -9.358    
  -------------------------------------------------------------------
                         slack                                  3.463    

Slack (MET) :             3.463ns  (required time - arrival time)
  Source:                 blinker/counter_reg[23]/C
                            (rising edge-triggered cell FDRE clocked by sys_clk_pin  {rise@0.000ns fall@4.000ns period=8.000ns})
  Destination:            blinker/counter_reg[17]/R
                            (rising edge-triggered cell FDRE clocked by sys_clk_pin  {rise@0.000ns fall@4.000ns period=8.000ns})
  Path Group:             sys_clk_pin
  Path Type:              Setup (Max at Slow Process Corner)
  Requirement:            8.000ns  (sys_clk_pin rise@8.000ns - sys_clk_pin rise@0.000ns)
  Data Path Delay:        3.953ns  (logic 0.890ns (22.513%)  route 3.063ns (77.487%))
  Logic Levels:           3  (LUT2=1 LUT6=2)
  Clock Path Skew:        -0.024ns (DCD - SCD + CPR)
    Destination Clock Delay (DCD):    4.952ns = ( 12.952 - 8.000 ) 
    Source Clock Delay      (SCD):    5.405ns
    Clock Pessimism Removal (CPR):    0.429ns
  Clock Uncertainty:      0.035ns  ((TSJ^2 + TIJ^2)^1/2 + DJ) / 2 + PE
    Total System Jitter     (TSJ):    0.071ns
    Total Input Jitter      (TIJ):    0.000ns
    Discrete Jitter          (DJ):    0.000ns
    Phase Error              (PE):    0.000ns

    Location             Delay type                Incr(ns)  Path(ns)    Netlist Resource(s)
  -------------------------------------------------------------------    -------------------
                         (clock sys_clk_pin rise edge)
                                                      0.000     0.000 r  
    K17                                               0.000     0.000 r  sys_clk (IN)
                         net (fo=0)                   0.000     0.000    sys_clk
    K17                  IBUF (Prop_ibuf_I_O)         1.492     1.492 r  sys_clk_IBUF_inst/O
                         net (fo=1, routed)           2.076     3.568    sys_clk_IBUF
    BUFGCTRL_X0Y16       BUFG (Prop_bufg_I_O)         0.101     3.669 r  sys_clk_IBUF_BUFG_inst/O
                         net (fo=27, routed)          1.736     5.405    blinker/sys_clk
    SLICE_X42Y62         FDRE                                         r  blinker/counter_reg[23]/C
  -------------------------------------------------------------------    -------------------
    SLICE_X42Y62         FDRE (Prop_fdre_C_Q)         0.518     5.923 r  blinker/counter_reg[23]/Q
                         net (fo=2, routed)           1.138     7.061    blinker/counter_reg[23]
    SLICE_X43Y62         LUT6 (Prop_lut6_I0_O)        0.124     7.185 r  blinker/counter[0]_i_6/O
                         net (fo=1, routed)           1.099     8.284    blinker/counter[0]_i_6_n_0
    SLICE_X43Y58         LUT6 (Prop_lut6_I1_O)        0.124     8.408 r  blinker/counter[0]_i_3/O
                         net (fo=2, routed)           0.165     8.573    blinker/led_state
    SLICE_X43Y58         LUT2 (Prop_lut2_I0_O)        0.124     8.697 r  blinker/counter[0]_i_1/O
                         net (fo=26, routed)          0.661     9.358    blinker/counter[0]_i_1_n_0
    SLICE_X42Y61         FDRE                                         r  blinker/counter_reg[17]/R
  -------------------------------------------------------------------    -------------------

                         (clock sys_clk_pin rise edge)
                                                      8.000     8.000 r  
    K17                                               0.000     8.000 r  sys_clk (IN)
                         net (fo=0)                   0.000     8.000    sys_clk
    K17                  IBUF (Prop_ibuf_I_O)         1.421     9.421 r  sys_clk_IBUF_inst/O
                         net (fo=1, routed)           1.880    11.301    sys_clk_IBUF
    BUFGCTRL_X0Y16       BUFG (Prop_bufg_I_O)         0.091    11.392 r  sys_clk_IBUF_BUFG_inst/O
                         net (fo=27, routed)          1.560    12.952    blinker/sys_clk
    SLICE_X42Y61         FDRE                                         r  blinker/counter_reg[17]/C
                         clock pessimism              0.429    13.381    
                         clock uncertainty           -0.035    13.345    
    SLICE_X42Y61         FDRE (Setup_fdre_C_R)       -0.524    12.821    blinker/counter_reg[17]
  -------------------------------------------------------------------
                         required time                         12.821    
                         arrival time                          -9.358    
  -------------------------------------------------------------------
                         slack                                  3.463    

Slack (MET) :             3.463ns  (required time - arrival time)
  Source:                 blinker/counter_reg[23]/C
                            (rising edge-triggered cell FDRE clocked by sys_clk_pin  {rise@0.000ns fall@4.000ns period=8.000ns})
  Destination:            blinker/counter_reg[18]/R
                            (rising edge-triggered cell FDRE clocked by sys_clk_pin  {rise@0.000ns fall@4.000ns period=8.000ns})
  Path Group:             sys_clk_pin
  Path Type:              Setup (Max at Slow Process Corner)
  Requirement:            8.000ns  (sys_clk_pin rise@8.000ns - sys_clk_pin rise@0.000ns)
  Data Path Delay:        3.953ns  (logic 0.890ns (22.513%)  route 3.063ns (77.487%))
  Logic Levels:           3  (LUT2=1 LUT6=2)
  Clock Path Skew:        -0.024ns (DCD - SCD + CPR)
    Destination Clock Delay (DCD):    4.952ns = ( 12.952 - 8.000 ) 
    Source Clock Delay      (SCD):    5.405ns
    Clock Pessimism Removal (CPR):    0.429ns
  Clock Uncertainty:      0.035ns  ((TSJ^2 + TIJ^2)^1/2 + DJ) / 2 + PE
    Total System Jitter     (TSJ):    0.071ns
    Total Input Jitter      (TIJ):    0.000ns
    Discrete Jitter          (DJ):    0.000ns
    Phase Error              (PE):    0.000ns

    Location             Delay type                Incr(ns)  Path(ns)    Netlist Resource(s)
  -------------------------------------------------------------------    -------------------
                         (clock sys_clk_pin rise edge)
                                                      0.000     0.000 r  
    K17                                               0.000     0.000 r  sys_clk (IN)
                         net (fo=0)                   0.000     0.000    sys_clk
    K17                  IBUF (Prop_ibuf_I_O)         1.492     1.492 r  sys_clk_IBUF_inst/O
                         net (fo=1, routed)           2.076     3.568    sys_clk_IBUF
    BUFGCTRL_X0Y16       BUFG (Prop_bufg_I_O)         0.101     3.669 r  sys_clk_IBUF_BUFG_inst/O
                         net (fo=27, routed)          1.736     5.405    blinker/sys_clk
    SLICE_X42Y62         FDRE                                         r  blinker/counter_reg[23]/C
  -------------------------------------------------------------------    -------------------
    SLICE_X42Y62         FDRE (Prop_fdre_C_Q)         0.518     5.923 r  blinker/counter_reg[23]/Q
                         net (fo=2, routed)           1.138     7.061    blinker/counter_reg[23]
    SLICE_X43Y62         LUT6 (Prop_lut6_I0_O)        0.124     7.185 r  blinker/counter[0]_i_6/O
                         net (fo=1, routed)           1.099     8.284    blinker/counter[0]_i_6_n_0
    SLICE_X43Y58         LUT6 (Prop_lut6_I1_O)        0.124     8.408 r  blinker/counter[0]_i_3/O
                         net (fo=2, routed)           0.165     8.573    blinker/led_state
    SLICE_X43Y58         LUT2 (Prop_lut2_I0_O)        0.124     8.697 r  blinker/counter[0]_i_1/O
                         net (fo=26, routed)          0.661     9.358    blinker/counter[0]_i_1_n_0
    SLICE_X42Y61         FDRE                                         r  blinker/counter_reg[18]/R
  -------------------------------------------------------------------    -------------------

                         (clock sys_clk_pin rise edge)
                                                      8.000     8.000 r  
    K17                                               0.000     8.000 r  sys_clk (IN)
                         net (fo=0)                   0.000     8.000    sys_clk
    K17                  IBUF (Prop_ibuf_I_O)         1.421     9.421 r  sys_clk_IBUF_inst/O
                         net (fo=1, routed)           1.880    11.301    sys_clk_IBUF
    BUFGCTRL_X0Y16       BUFG (Prop_bufg_I_O)         0.091    11.392 r  sys_clk_IBUF_BUFG_inst/O
                         net (fo=27, routed)          1.560    12.952    blinker/sys_clk
    SLICE_X42Y61         FDRE                                         r  blinker/counter_reg[18]/C
                         clock pessimism              0.429    13.381    
                         clock uncertainty           -0.035    13.345    
    SLICE_X42Y61         FDRE (Setup_fdre_C_R)       -0.524    12.821    blinker/counter_reg[18]
  -------------------------------------------------------------------
                         required time                         12.821    
                         arrival time                          -9.358    
  -------------------------------------------------------------------
                         slack                                  3.463    

Slack (MET) :             3.463ns  (required time - arrival time)
  Source:                 blinker/counter_reg[23]/C
                            (rising edge-triggered cell FDRE clocked by sys_clk_pin  {rise@0.000ns fall@4.000ns period=8.000ns})
  Destination:            blinker/counter_reg[19]/R
                            (rising edge-triggered cell FDRE clocked by sys_clk_pin  {rise@0.000ns fall@4.000ns period=8.000ns})
  Path Group:             sys_clk_pin
  Path Type:              Setup (Max at Slow Process Corner)
  Requirement:            8.000ns  (sys_clk_pin rise@8.000ns - sys_clk_pin rise@0.000ns)
  Data Path Delay:        3.953ns  (logic 0.890ns (22.513%)  route 3.063ns (77.487%))
  Logic Levels:           3  (LUT2=1 LUT6=2)
  Clock Path Skew:        -0.024ns (DCD - SCD + CPR)
    Destination Clock Delay (DCD):    4.952ns = ( 12.952 - 8.000 ) 
    Source Clock Delay      (SCD):    5.405ns
    Clock Pessimism Removal (CPR):    0.429ns
  Clock Uncertainty:      0.035ns  ((TSJ^2 + TIJ^2)^1/2 + DJ) / 2 + PE
    Total System Jitter     (TSJ):    0.071ns
    Total Input Jitter      (TIJ):    0.000ns
    Discrete Jitter          (DJ):    0.000ns
    Phase Error              (PE):    0.000ns

    Location             Delay type                Incr(ns)  Path(ns)    Netlist Resource(s)
  -------------------------------------------------------------------    -------------------
                         (clock sys_clk_pin rise edge)
                                                      0.000     0.000 r  
    K17                                               0.000     0.000 r  sys_clk (IN)
                         net (fo=0)                   0.000     0.000    sys_clk
    K17                  IBUF (Prop_ibuf_I_O)         1.492     1.492 r  sys_clk_IBUF_inst/O
                         net (fo=1, routed)           2.076     3.568    sys_clk_IBUF
    BUFGCTRL_X0Y16       BUFG (Prop_bufg_I_O)         0.101     3.669 r  sys_clk_IBUF_BUFG_inst/O
                         net (fo=27, routed)          1.736     5.405    blinker/sys_clk
    SLICE_X42Y62         FDRE                                         r  blinker/counter_reg[23]/C
  -------------------------------------------------------------------    -------------------
    SLICE_X42Y62         FDRE (Prop_fdre_C_Q)         0.518     5.923 r  blinker/counter_reg[23]/Q
                         net (fo=2, routed)           1.138     7.061    blinker/counter_reg[23]
    SLICE_X43Y62         LUT6 (Prop_lut6_I0_O)        0.124     7.185 r  blinker/counter[0]_i_6/O
                         net (fo=1, routed)           1.099     8.284    blinker/counter[0]_i_6_n_0
    SLICE_X43Y58         LUT6 (Prop_lut6_I1_O)        0.124     8.408 r  blinker/counter[0]_i_3/O
                         net (fo=2, routed)           0.165     8.573    blinker/led_state
    SLICE_X43Y58         LUT2 (Prop_lut2_I0_O)        0.124     8.697 r  blinker/counter[0]_i_1/O
                         net (fo=26, routed)          0.661     9.358    blinker/counter[0]_i_1_n_0
    SLICE_X42Y61         FDRE                                         r  blinker/counter_reg[19]/R
  -------------------------------------------------------------------    -------------------

                         (clock sys_clk_pin rise edge)
                                                      8.000     8.000 r  
    K17                                               0.000     8.000 r  sys_clk (IN)
                         net (fo=0)                   0.000     8.000    sys_clk
    K17                  IBUF (Prop_ibuf_I_O)         1.421     9.421 r  sys_clk_IBUF_inst/O
                         net (fo=1, routed)           1.880    11.301    sys_clk_IBUF
    BUFGCTRL_X0Y16       BUFG (Prop_bufg_I_O)         0.091    11.392 r  sys_clk_IBUF_BUFG_inst/O
                         net (fo=27, routed)          1.560    12.952    blinker/sys_clk
    SLICE_X42Y61         FDRE                                         r  blinker/counter_reg[19]/C
                         clock pessimism              0.429    13.381    
                         clock uncertainty           -0.035    13.345    
    SLICE_X42Y61         FDRE (Setup_fdre_C_R)       -0.524    12.821    blinker/counter_reg[19]
  -------------------------------------------------------------------
                         required time                         12.821    
                         arrival time                          -9.358    
  -------------------------------------------------------------------
                         slack                                  3.463    





Min Delay Paths
--------------------------------------------------------------------------------------
Slack (MET) :             0.263ns  (arrival time - required time)
  Source:                 blinker/led_state_reg/C
                            (rising edge-triggered cell FDRE clocked by sys_clk_pin  {rise@0.000ns fall@4.000ns period=8.000ns})
  Destination:            blinker/led_state_reg/D
                            (rising edge-triggered cell FDRE clocked by sys_clk_pin  {rise@0.000ns fall@4.000ns period=8.000ns})
  Path Group:             sys_clk_pin
  Path Type:              Hold (Min at Fast Process Corner)
  Requirement:            0.000ns  (sys_clk_pin rise@0.000ns - sys_clk_pin rise@0.000ns)
  Data Path Delay:        0.354ns  (logic 0.186ns (52.507%)  route 0.168ns (47.493%))
  Logic Levels:           1  (LUT3=1)
  Clock Path Skew:        0.000ns (DCD - SCD - CPR)
    Destination Clock Delay (DCD):    2.016ns
    Source Clock Delay      (SCD):    1.499ns
    Clock Pessimism Removal (CPR):    0.517ns

    Location             Delay type                Incr(ns)  Path(ns)    Netlist Resource(s)
  -------------------------------------------------------------------    -------------------
                         (clock sys_clk_pin rise edge)
                                                      0.000     0.000 r  
    K17                                               0.000     0.000 r  sys_clk (IN)
                         net (fo=0)                   0.000     0.000    sys_clk
    K17                  IBUF (Prop_ibuf_I_O)         0.259     0.259 r  sys_clk_IBUF_inst/O
                         net (fo=1, routed)           0.627     0.887    sys_clk_IBUF
    BUFGCTRL_X0Y16       BUFG (Prop_bufg_I_O)         0.026     0.913 r  sys_clk_IBUF_BUFG_inst/O
                         net (fo=27, routed)          0.587     1.499    blinker/sys_clk
    SLICE_X43Y58         FDRE                                         r  blinker/led_state_reg/C
  -------------------------------------------------------------------    -------------------
    SLICE_X43Y58         FDRE (Prop_fdre_C_Q)         0.141     1.640 r  blinker/led_state_reg/Q
                         net (fo=4, routed)           0.168     1.809    blinker/blink
    SLICE_X43Y58         LUT3 (Prop_lut3_I0_O)        0.045     1.854 r  blinker/led_state_i_1/O
                         net (fo=1, routed)           0.000     1.854    blinker/led_state_i_1_n_0
    SLICE_X43Y58         FDRE                                         r  blinker/led_state_reg/D
  -------------------------------------------------------------------    -------------------

                         (clock sys_clk_pin rise edge)
                                                      0.000     0.000 r  
    K17                                               0.000     0.000 r  sys_clk (IN)
                         net (fo=0)                   0.000     0.000    sys_clk
    K17                  IBUF (Prop_ibuf_I_O)         0.447     0.447 r  sys_clk_IBUF_inst/O
                         net (fo=1, routed)           0.683     1.130    sys_clk_IBUF
    BUFGCTRL_X0Y16       BUFG (Prop_bufg_I_O)         0.029     1.159 r  sys_clk_IBUF_BUFG_inst/O
                         net (fo=27, routed)          0.857     2.016    blinker/sys_clk
    SLICE_X43Y58         FDRE                                         r  blinker/led_state_reg/C
                         clock pessimism             -0.517     1.499    
    SLICE_X43Y58         FDRE (Hold_fdre_C_D)         0.091     1.590    blinker/led_state_reg
  -------------------------------------------------------------------
                         required time                         -1.590    
                         arrival time                           1.854    
  -------------------------------------------------------------------
                         slack                                  0.263    

Slack (MET) :             0.265ns  (arrival time - required time)
  Source:                 blinker/counter_reg[10]/C
                            (rising edge-triggered cell FDRE clocked by sys_clk_pin  {rise@0.000ns fall@4.000ns period=8.000ns})
  Destination:            blinker/counter_reg[10]/D
                            (rising edge-triggered cell FDRE clocked by sys_clk_pin  {rise@0.000ns fall@4.000ns period=8.000ns})
  Path Group:             sys_clk_pin
  Path Type:              Hold (Min at Fast Process Corner)
  Requirement:            0.000ns  (sys_clk_pin rise@0.000ns - sys_clk_pin rise@0.000ns)
  Data Path Delay:        0.399ns  (logic 0.274ns (68.589%)  route 0.125ns (31.411%))
  Logic Levels:           1  (CARRY4=1)
  Clock Path Skew:        0.000ns (DCD - SCD - CPR)
    Destination Clock Delay (DCD):    2.016ns
    Source Clock Delay      (SCD):    1.499ns
    Clock Pessimism Removal (CPR):    0.517ns

    Location             Delay type                Incr(ns)  Path(ns)    Netlist Resource(s)
  -------------------------------------------------------------------    -------------------
                         (clock sys_clk_pin rise edge)
                                                      0.000     0.000 r  
    K17                                               0.000     0.000 r  sys_clk (IN)
                         net (fo=0)                   0.000     0.000    sys_clk
    K17                  IBUF (Prop_ibuf_I_O)         0.259     0.259 r  sys_clk_IBUF_inst/O
                         net (fo=1, routed)           0.627     0.887    sys_clk_IBUF
    BUFGCTRL_X0Y16       BUFG (Prop_bufg_I_O)         0.026     0.913 r  sys_clk_IBUF_BUFG_inst/O
                         net (fo=27, routed)          0.587     1.499    blinker/sys_clk
    SLICE_X42Y59         FDRE                                         r  blinker/counter_reg[10]/C
  -------------------------------------------------------------------    -------------------
    SLICE_X42Y59         FDRE (Prop_fdre_C_Q)         0.164     1.663 r  blinker/counter_reg[10]/Q
                         net (fo=2, routed)           0.125     1.789    blinker/counter_reg[10]
    SLICE_X42Y59         CARRY4 (Prop_carry4_S[2]_O[2])
                                                      0.110     1.899 r  blinker/counter_reg[8]_i_1/O[2]
                         net (fo=1, routed)           0.000     1.899    blinker/counter_reg[8]_i_1_n_5
    SLICE_X42Y59         FDRE                                         r  blinker/counter_reg[10]/D
  -------------------------------------------------------------------    -------------------

                         (clock sys_clk_pin rise edge)
                                                      0.000     0.000 r  
    K17                                               0.000     0.000 r  sys_clk (IN)
                         net (fo=0)                   0.000     0.000    sys_clk
    K17                  IBUF (Prop_ibuf_I_O)         0.447     0.447 r  sys_clk_IBUF_inst/O
                         net (fo=1, routed)           0.683     1.130    sys_clk_IBUF
    BUFGCTRL_X0Y16       BUFG (Prop_bufg_I_O)         0.029     1.159 r  sys_clk_IBUF_BUFG_inst/O
                         net (fo=27, routed)          0.857     2.016    blinker/sys_clk
    SLICE_X42Y59         FDRE                                         r  blinker/counter_reg[10]/C
                         clock pessimism             -0.517     1.499    
    SLICE_X42Y59         FDRE (Hold_fdre_C_D)         0.134     1.633    blinker/counter_reg[10]
  -------------------------------------------------------------------
                         required time                         -1.633    
                         arrival time                           1.899    
  -------------------------------------------------------------------
                         slack                                  0.265    

Slack (MET) :             0.265ns  (arrival time - required time)
  Source:                 blinker/counter_reg[6]/C
                            (rising edge-triggered cell FDRE clocked by sys_clk_pin  {rise@0.000ns fall@4.000ns period=8.000ns})
  Destination:            blinker/counter_reg[6]/D
                            (rising edge-triggered cell FDRE clocked by sys_clk_pin  {rise@0.000ns fall@4.000ns period=8.000ns})
  Path Group:             sys_clk_pin
  Path Type:              Hold (Min at Fast Process Corner)
  Requirement:            0.000ns  (sys_clk_pin rise@0.000ns - sys_clk_pin rise@0.000ns)
  Data Path Delay:        0.399ns  (logic 0.274ns (68.589%)  route 0.125ns (31.411%))
  Logic Levels:           1  (CARRY4=1)
  Clock Path Skew:        0.000ns (DCD - SCD - CPR)
    Destination Clock Delay (DCD):    2.016ns
    Source Clock Delay      (SCD):    1.499ns
    Clock Pessimism Removal (CPR):    0.517ns

    Location             Delay type                Incr(ns)  Path(ns)    Netlist Resource(s)
  -------------------------------------------------------------------    -------------------
                         (clock sys_clk_pin rise edge)
                                                      0.000     0.000 r  
    K17                                               0.000     0.000 r  sys_clk (IN)
                         net (fo=0)                   0.000     0.000    sys_clk
    K17                  IBUF (Prop_ibuf_I_O)         0.259     0.259 r  sys_clk_IBUF_inst/O
                         net (fo=1, routed)           0.627     0.887    sys_clk_IBUF
    BUFGCTRL_X0Y16       BUFG (Prop_bufg_I_O)         0.026     0.913 r  sys_clk_IBUF_BUFG_inst/O
                         net (fo=27, routed)          0.587     1.499    blinker/sys_clk
    SLICE_X42Y58         FDRE                                         r  blinker/counter_reg[6]/C
  -------------------------------------------------------------------    -------------------
    SLICE_X42Y58         FDRE (Prop_fdre_C_Q)         0.164     1.663 r  blinker/counter_reg[6]/Q
                         net (fo=2, routed)           0.125     1.789    blinker/counter_reg[6]
    SLICE_X42Y58         CARRY4 (Prop_carry4_S[2]_O[2])
                                                      0.110     1.899 r  blinker/counter_reg[4]_i_1/O[2]
                         net (fo=1, routed)           0.000     1.899    blinker/counter_reg[4]_i_1_n_5
    SLICE_X42Y58         FDRE                                         r  blinker/counter_reg[6]/D
  -------------------------------------------------------------------    -------------------

                         (clock sys_clk_pin rise edge)
                                                      0.000     0.000 r  
    K17                                               0.000     0.000 r  sys_clk (IN)
                         net (fo=0)                   0.000     0.000    sys_clk
    K17                  IBUF (Prop_ibuf_I_O)         0.447     0.447 r  sys_clk_IBUF_inst/O
                         net (fo=1, routed)           0.683     1.130    sys_clk_IBUF
    BUFGCTRL_X0Y16       BUFG (Prop_bufg_I_O)         0.029     1.159 r  sys_clk_IBUF_BUFG_inst/O
                         net (fo=27, routed)          0.857     2.016    blinker/sys_clk
    SLICE_X42Y58         FDRE                                         r  blinker/counter_reg[6]/C
                         clock pessimism             -0.517     1.499    
    SLICE_X42Y58         FDRE (Hold_fdre_C_D)         0.134     1.633    blinker/counter_reg[6]
  -------------------------------------------------------------------
                         required time                         -1.633    
                         arrival time                           1.899    
  -------------------------------------------------------------------
                         slack                                  0.265    

Slack (MET) :             0.265ns  (arrival time - required time)
  Source:                 blinker/counter_reg[22]/C
                            (rising edge-triggered cell FDRE clocked by sys_clk_pin  {rise@0.000ns fall@4.000ns period=8.000ns})
  Destination:            blinker/counter_reg[22]/D
                            (rising edge-triggered cell FDRE clocked by sys_clk_pin  {rise@0.000ns fall@4.000ns period=8.000ns})
  Path Group:             sys_clk_pin
  Path Type:              Hold (Min at Fast Process Corner)
  Requirement:            0.000ns  (sys_clk_pin rise@0.000ns - sys_clk_pin rise@0.000ns)
  Data Path Delay:        0.399ns  (logic 0.274ns (68.589%)  route 0.125ns (31.411%))
  Logic Levels:           1  (CARRY4=1)
  Clock Path Skew:        0.000ns (DCD - SCD - CPR)
    Destination Clock Delay (DCD):    2.013ns
    Source Clock Delay      (SCD):    1.497ns
    Clock Pessimism Removal (CPR):    0.516ns

    Location             Delay type                Incr(ns)  Path(ns)    Netlist Resource(s)
  -------------------------------------------------------------------    -------------------
                         (clock sys_clk_pin rise edge)
                                                      0.000     0.000 r  
    K17                                               0.000     0.000 r  sys_clk (IN)
                         net (fo=0)                   0.000     0.000    sys_clk
    K17                  IBUF (Prop_ibuf_I_O)         0.259     0.259 r  sys_clk_IBUF_inst/O
                         net (fo=1, routed)           0.627     0.887    sys_clk_IBUF
    BUFGCTRL_X0Y16       BUFG (Prop_bufg_I_O)         0.026     0.913 r  sys_clk_IBUF_BUFG_inst/O
                         net (fo=27, routed)          0.585     1.497    blinker/sys_clk
    SLICE_X42Y62         FDRE                                         r  blinker/counter_reg[22]/C
  -------------------------------------------------------------------    -------------------
    SLICE_X42Y62         FDRE (Prop_fdre_C_Q)         0.164     1.661 r  blinker/counter_reg[22]/Q
                         net (fo=2, routed)           0.125     1.787    blinker/counter_reg[22]
    SLICE_X42Y62         CARRY4 (Prop_carry4_S[2]_O[2])
                                                      0.110     1.897 r  blinker/counter_reg[20]_i_1/O[2]
                         net (fo=1, routed)           0.000     1.897    blinker/counter_reg[20]_i_1_n_5
    SLICE_X42Y62         FDRE                                         r  blinker/counter_reg[22]/D
  -------------------------------------------------------------------    -------------------

                         (clock sys_clk_pin rise edge)
                                                      0.000     0.000 r  
    K17                                               0.000     0.000 r  sys_clk (IN)
                         net (fo=0)                   0.000     0.000    sys_clk
    K17                  IBUF (Prop_ibuf_I_O)         0.447     0.447 r  sys_clk_IBUF_inst/O
                         net (fo=1, routed)           0.683     1.130    sys_clk_IBUF
    BUFGCTRL_X0Y16       BUFG (Prop_bufg_I_O)         0.029     1.159 r  sys_clk_IBUF_BUFG_inst/O
                         net (fo=27, routed)          0.854     2.013    blinker/sys_clk
    SLICE_X42Y62         FDRE                                         r  blinker/counter_reg[22]/C
                         clock pessimism             -0.516     1.497    
    SLICE_X42Y62         FDRE (Hold_fdre_C_D)         0.134     1.631    blinker/counter_reg[22]
  -------------------------------------------------------------------
                         required time                         -1.631    
                         arrival time                           1.897    
  -------------------------------------------------------------------
                         slack                                  0.265    

Slack (MET) :             0.267ns  (arrival time - required time)
  Source:                 blinker/counter_reg[14]/C
                            (rising edge-triggered cell FDRE clocked by sys_clk_pin  {rise@0.000ns fall@4.000ns period=8.000ns})
  Destination:            blinker/counter_reg[14]/D
                            (rising edge-triggered cell FDRE clocked by sys_clk_pin  {rise@0.000ns fall@4.000ns period=8.000ns})
  Path Group:             sys_clk_pin
  Path Type:              Hold (Min at Fast Process Corner)
  Requirement:            0.000ns  (sys_clk_pin rise@0.000ns - sys_clk_pin rise@0.000ns)
  Data Path Delay:        0.401ns  (logic 0.274ns (68.412%)  route 0.127ns (31.588%))
  Logic Levels:           1  (CARRY4=1)
  Clock Path Skew:        0.000ns (DCD - SCD - CPR)
    Destination Clock Delay (DCD):    2.015ns
    Source Clock Delay      (SCD):    1.498ns
    Clock Pessimism Removal (CPR):    0.517ns

    Location             Delay type                Incr(ns)  Path(ns)    Netlist Resource(s)
  -------------------------------------------------------------------    -------------------
                         (clock sys_clk_pin rise edge)
                                                      0.000     0.000 r  
    K17                                               0.000     0.000 r  sys_clk (IN)
                         net (fo=0)                   0.000     0.000    sys_clk
    K17                  IBUF (Prop_ibuf_I_O)         0.259     0.259 r  sys_clk_IBUF_inst/O
                         net (fo=1, routed)           0.627     0.887    sys_clk_IBUF
    BUFGCTRL_X0Y16       BUFG (Prop_bufg_I_O)         0.026     0.913 r  sys_clk_IBUF_BUFG_inst/O
                         net (fo=27, routed)          0.586     1.498    blinker/sys_clk
    SLICE_X42Y60         FDRE                                         r  blinker/counter_reg[14]/C
  -------------------------------------------------------------------    -------------------
    SLICE_X42Y60         FDRE (Prop_fdre_C_Q)         0.164     1.662 r  blinker/counter_reg[14]/Q
                         net (fo=2, routed)           0.127     1.789    blinker/counter_reg[14]
    SLICE_X42Y60         CARRY4 (Prop_carry4_S[2]_O[2])
                                                      0.110     1.899 r  blinker/counter_reg[12]_i_1/O[2]
                         net (fo=1, routed)           0.000     1.899    blinker/counter_reg[12]_i_1_n_5
    SLICE_X42Y60         FDRE                                         r  blinker/counter_reg[14]/D
  -------------------------------------------------------------------    -------------------

                         (clock sys_clk_pin rise edge)
                                                      0.000     0.000 r  
    K17                                               0.000     0.000 r  sys_clk (IN)
                         net (fo=0)                   0.000     0.000    sys_clk
    K17                  IBUF (Prop_ibuf_I_O)         0.447     0.447 r  sys_clk_IBUF_inst/O
                         net (fo=1, routed)           0.683     1.130    sys_clk_IBUF
    BUFGCTRL_X0Y16       BUFG (Prop_bufg_I_O)         0.029     1.159 r  sys_clk_IBUF_BUFG_inst/O
                         net (fo=27, routed)          0.856     2.015    blinker/sys_clk
    SLICE_X42Y60         FDRE                                         r  blinker/counter_reg[14]/C
                         clock pessimism             -0.517     1.498    
    SLICE_X42Y60         FDRE (Hold_fdre_C_D)         0.134     1.632    blinker/counter_reg[14]
  -------------------------------------------------------------------
                         required time                         -1.632    
                         arrival time                           1.899    
  -------------------------------------------------------------------
                         slack                                  0.267    

Slack (MET) :             0.267ns  (arrival time - required time)
  Source:                 blinker/counter_reg[18]/C
                            (rising edge-triggered cell FDRE clocked by sys_clk_pin  {rise@0.000ns fall@4.000ns period=8.000ns})
  Destination:            blinker/counter_reg[18]/D
                            (rising edge-triggered cell FDRE clocked by sys_clk_pin  {rise@0.000ns fall@4.000ns period=8.000ns})
  Path Group:             sys_clk_pin
  Path Type:              Hold (Min at Fast Process Corner)
  Requirement:            0.000ns  (sys_clk_pin rise@0.000ns - sys_clk_pin rise@0.000ns)
  Data Path Delay:        0.401ns  (logic 0.274ns (68.412%)  route 0.127ns (31.588%))
  Logic Levels:           1  (CARRY4=1)
  Clock Path Skew:        0.000ns (DCD - SCD - CPR)
    Destination Clock Delay (DCD):    2.015ns
    Source Clock Delay      (SCD):    1.498ns
    Clock Pessimism Removal (CPR):    0.517ns

    Location             Delay type                Incr(ns)  Path(ns)    Netlist Resource(s)
  -------------------------------------------------------------------    -------------------
                         (clock sys_clk_pin rise edge)
                                                      0.000     0.000 r  
    K17                                               0.000     0.000 r  sys_clk (IN)
                         net (fo=0)                   0.000     0.000    sys_clk
    K17                  IBUF (Prop_ibuf_I_O)         0.259     0.259 r  sys_clk_IBUF_inst/O
                         net (fo=1, routed)           0.627     0.887    sys_clk_IBUF
    BUFGCTRL_X0Y16       BUFG (Prop_bufg_I_O)         0.026     0.913 r  sys_clk_IBUF_BUFG_inst/O
                         net (fo=27, routed)          0.586     1.498    blinker/sys_clk
    SLICE_X42Y61         FDRE                                         r  blinker/counter_reg[18]/C
  -------------------------------------------------------------------    -------------------
    SLICE_X42Y61         FDRE (Prop_fdre_C_Q)         0.164     1.662 r  blinker/counter_reg[18]/Q
                         net (fo=2, routed)           0.127     1.789    blinker/counter_reg[18]
    SLICE_X42Y61         CARRY4 (Prop_carry4_S[2]_O[2])
                                                      0.110     1.899 r  blinker/counter_reg[16]_i_1/O[2]
                         net (fo=1, routed)           0.000     1.899    blinker/counter_reg[16]_i_1_n_5
    SLICE_X42Y61         FDRE                                         r  blinker/counter_reg[18]/D
  -------------------------------------------------------------------    -------------------

                         (clock sys_clk_pin rise edge)
                                                      0.000     0.000 r  
    K17                                               0.000     0.000 r  sys_clk (IN)
                         net (fo=0)                   0.000     0.000    sys_clk
    K17                  IBUF (Prop_ibuf_I_O)         0.447     0.447 r  sys_clk_IBUF_inst/O
                         net (fo=1, routed)           0.683     1.130    sys_clk_IBUF
    BUFGCTRL_X0Y16       BUFG (Prop_bufg_I_O)         0.029     1.159 r  sys_clk_IBUF_BUFG_inst/O
                         net (fo=27, routed)          0.856     2.015    blinker/sys_clk
    SLICE_X42Y61         FDRE                                         r  blinker/counter_reg[18]/C
                         clock pessimism             -0.517     1.498    
    SLICE_X42Y61         FDRE (Hold_fdre_C_D)         0.134     1.632    blinker/counter_reg[18]
  -------------------------------------------------------------------
                         required time                         -1.632    
                         arrival time                           1.899    
  -------------------------------------------------------------------
                         slack                                  0.267    

Slack (MET) :             0.267ns  (arrival time - required time)
  Source:                 blinker/counter_reg[2]/C
                            (rising edge-triggered cell FDRE clocked by sys_clk_pin  {rise@0.000ns fall@4.000ns period=8.000ns})
  Destination:            blinker/counter_reg[2]/D
                            (rising edge-triggered cell FDRE clocked by sys_clk_pin  {rise@0.000ns fall@4.000ns period=8.000ns})
  Path Group:             sys_clk_pin
  Path Type:              Hold (Min at Fast Process Corner)
  Requirement:            0.000ns  (sys_clk_pin rise@0.000ns - sys_clk_pin rise@0.000ns)
  Data Path Delay:        0.401ns  (logic 0.274ns (68.401%)  route 0.127ns (31.599%))
  Logic Levels:           1  (CARRY4=1)
  Clock Path Skew:        0.000ns (DCD - SCD - CPR)
    Destination Clock Delay (DCD):    2.016ns
    Source Clock Delay      (SCD):    1.499ns
    Clock Pessimism Removal (CPR):    0.517ns

    Location             Delay type                Incr(ns)  Path(ns)    Netlist Resource(s)
  -------------------------------------------------------------------    -------------------
                         (clock sys_clk_pin rise edge)
                                                      0.000     0.000 r  
    K17                                               0.000     0.000 r  sys_clk (IN)
                         net (fo=0)                   0.000     0.000    sys_clk
    K17                  IBUF (Prop_ibuf_I_O)         0.259     0.259 r  sys_clk_IBUF_inst/O
                         net (fo=1, routed)           0.627     0.887    sys_clk_IBUF
    BUFGCTRL_X0Y16       BUFG (Prop_bufg_I_O)         0.026     0.913 r  sys_clk_IBUF_BUFG_inst/O
                         net (fo=27, routed)          0.587     1.499    blinker/sys_clk
    SLICE_X42Y57         FDRE                                         r  blinker/counter_reg[2]/C
  -------------------------------------------------------------------    -------------------
    SLICE_X42Y57         FDRE (Prop_fdre_C_Q)         0.164     1.663 r  blinker/counter_reg[2]/Q
                         net (fo=2, routed)           0.127     1.790    blinker/counter_reg[2]
    SLICE_X42Y57         CARRY4 (Prop_carry4_S[2]_O[2])
                                                      0.110     1.900 r  blinker/counter_reg[0]_i_2/O[2]
                         net (fo=1, routed)           0.000     1.900    blinker/counter_reg[0]_i_2_n_5
    SLICE_X42Y57         FDRE                                         r  blinker/counter_reg[2]/D
  -------------------------------------------------------------------    -------------------

                         (clock sys_clk_pin rise edge)
                                                      0.000     0.000 r  
    K17                                               0.000     0.000 r  sys_clk (IN)
                         net (fo=0)                   0.000     0.000    sys_clk
    K17                  IBUF (Prop_ibuf_I_O)         0.447     0.447 r  sys_clk_IBUF_inst/O
                         net (fo=1, routed)           0.683     1.130    sys_clk_IBUF
    BUFGCTRL_X0Y16       BUFG (Prop_bufg_I_O)         0.029     1.159 r  sys_clk_IBUF_BUFG_inst/O
                         net (fo=27, routed)          0.857     2.016    blinker/sys_clk
    SLICE_X42Y57         FDRE                                         r  blinker/counter_reg[2]/C
                         clock pessimism             -0.517     1.499    
    SLICE_X42Y57         FDRE (Hold_fdre_C_D)         0.134     1.633    blinker/counter_reg[2]
  -------------------------------------------------------------------
                         required time                         -1.633    
                         arrival time                           1.900    
  -------------------------------------------------------------------
                         slack                                  0.267    

Slack (MET) :             0.301ns  (arrival time - required time)
  Source:                 blinker/counter_reg[10]/C
                            (rising edge-triggered cell FDRE clocked by sys_clk_pin  {rise@0.000ns fall@4.000ns period=8.000ns})
  Destination:            blinker/counter_reg[11]/D
                            (rising edge-triggered cell FDRE clocked by sys_clk_pin  {rise@0.000ns fall@4.000ns period=8.000ns})
  Path Group:             sys_clk_pin
  Path Type:              Hold (Min at Fast Process Corner)
  Requirement:            0.000ns  (sys_clk_pin rise@0.000ns - sys_clk_pin rise@0.000ns)
  Data Path Delay:        0.435ns  (logic 0.310ns (71.185%)  route 0.125ns (28.815%))
  Logic Levels:           1  (CARRY4=1)
  Clock Path Skew:        0.000ns (DCD - SCD - CPR)
    Destination Clock Delay (DCD):    2.016ns
    Source Clock Delay      (SCD):    1.499ns
    Clock Pessimism Removal (CPR):    0.517ns

    Location             Delay type                Incr(ns)  Path(ns)    Netlist Resource(s)
  -------------------------------------------------------------------    -------------------
                         (clock sys_clk_pin rise edge)
                                                      0.000     0.000 r  
    K17                                               0.000     0.000 r  sys_clk (IN)
                         net (fo=0)                   0.000     0.000    sys_clk
    K17                  IBUF (Prop_ibuf_I_O)         0.259     0.259 r  sys_clk_IBUF_inst/O
                         net (fo=1, routed)           0.627     0.887    sys_clk_IBUF
    BUFGCTRL_X0Y16       BUFG (Prop_bufg_I_O)         0.026     0.913 r  sys_clk_IBUF_BUFG_inst/O
                         net (fo=27, routed)          0.587     1.499    blinker/sys_clk
    SLICE_X42Y59         FDRE                                         r  blinker/counter_reg[10]/C
  -------------------------------------------------------------------    -------------------
    SLICE_X42Y59         FDRE (Prop_fdre_C_Q)         0.164     1.663 r  blinker/counter_reg[10]/Q
                         net (fo=2, routed)           0.125     1.789    blinker/counter_reg[10]
    SLICE_X42Y59         CARRY4 (Prop_carry4_S[2]_O[3])
                                                      0.146     1.935 r  blinker/counter_reg[8]_i_1/O[3]
                         net (fo=1, routed)           0.000     1.935    blinker/counter_reg[8]_i_1_n_4
    SLICE_X42Y59         FDRE                                         r  blinker/counter_reg[11]/D
  -------------------------------------------------------------------    -------------------

                         (clock sys_clk_pin rise edge)
                                                      0.000     0.000 r  
    K17                                               0.000     0.000 r  sys_clk (IN)
                         net (fo=0)                   0.000     0.000    sys_clk
    K17                  IBUF (Prop_ibuf_I_O)         0.447     0.447 r  sys_clk_IBUF_inst/O
                         net (fo=1, routed)           0.683     1.130    sys_clk_IBUF
    BUFGCTRL_X0Y16       BUFG (Prop_bufg_I_O)         0.029     1.159 r  sys_clk_IBUF_BUFG_inst/O
                         net (fo=27, routed)          0.857     2.016    blinker/sys_clk
    SLICE_X42Y59         FDRE                                         r  blinker/counter_reg[11]/C
                         clock pessimism             -0.517     1.499    
    SLICE_X42Y59         FDRE (Hold_fdre_C_D)         0.134     1.633    blinker/counter_reg[11]
  -------------------------------------------------------------------
                         required time                         -1.633    
                         arrival time                           1.935    
  -------------------------------------------------------------------
                         slack                                  0.301    

Slack (MET) :             0.301ns  (arrival time - required time)
  Source:                 blinker/counter_reg[6]/C
                            (rising edge-triggered cell FDRE clocked by sys_clk_pin  {rise@0.000ns fall@4.000ns period=8.000ns})
  Destination:            blinker/counter_reg[7]/D
                            (rising edge-triggered cell FDRE clocked by sys_clk_pin  {rise@0.000ns fall@4.000ns period=8.000ns})
  Path Group:             sys_clk_pin
  Path Type:              Hold (Min at Fast Process Corner)
  Requirement:            0.000ns  (sys_clk_pin rise@0.000ns - sys_clk_pin rise@0.000ns)
  Data Path Delay:        0.435ns  (logic 0.310ns (71.185%)  route 0.125ns (28.815%))
  Logic Levels:           1  (CARRY4=1)
  Clock Path Skew:        0.000ns (DCD - SCD - CPR)
    Destination Clock Delay (DCD):    2.016ns
    Source Clock Delay      (SCD):    1.499ns
    Clock Pessimism Removal (CPR):    0.517ns

    Location             Delay type                Incr(ns)  Path(ns)    Netlist Resource(s)
  -------------------------------------------------------------------    -------------------
                         (clock sys_clk_pin rise edge)
                                                      0.000     0.000 r  
    K17                                               0.000     0.000 r  sys_clk (IN)
                         net (fo=0)                   0.000     0.000    sys_clk
    K17                  IBUF (Prop_ibuf_I_O)         0.259     0.259 r  sys_clk_IBUF_inst/O
                         net (fo=1, routed)           0.627     0.887    sys_clk_IBUF
    BUFGCTRL_X0Y16       BUFG (Prop_bufg_I_O)         0.026     0.913 r  sys_clk_IBUF_BUFG_inst/O
                         net (fo=27, routed)          0.587     1.499    blinker/sys_clk
    SLICE_X42Y58         FDRE                                         r  blinker/counter_reg[6]/C
  -------------------------------------------------------------------    -------------------
    SLICE_X42Y58         FDRE (Prop_fdre_C_Q)         0.164     1.663 r  blinker/counter_reg[6]/Q
                         net (fo=2, routed)           0.125     1.789    blinker/counter_reg[6]
    SLICE_X42Y58         CARRY4 (Prop_carry4_S[2]_O[3])
                                                      0.146     1.935 r  blinker/counter_reg[4]_i_1/O[3]
                         net (fo=1, routed)           0.000     1.935    blinker/counter_reg[4]_i_1_n_4
    SLICE_X42Y58         FDRE                                         r  blinker/counter_reg[7]/D
  -------------------------------------------------------------------    -------------------

                         (clock sys_clk_pin rise edge)
                                                      0.000     0.000 r  
    K17                                               0.000     0.000 r  sys_clk (IN)
                         net (fo=0)                   0.000     0.000    sys_clk
    K17                  IBUF (Prop_ibuf_I_O)         0.447     0.447 r  sys_clk_IBUF_inst/O
                         net (fo=1, routed)           0.683     1.130    sys_clk_IBUF
    BUFGCTRL_X0Y16       BUFG (Prop_bufg_I_O)         0.029     1.159 r  sys_clk_IBUF_BUFG_inst/O
                         net (fo=27, routed)          0.857     2.016    blinker/sys_clk
    SLICE_X42Y58         FDRE                                         r  blinker/counter_reg[7]/C
                         clock pessimism             -0.517     1.499    
    SLICE_X42Y58         FDRE (Hold_fdre_C_D)         0.134     1.633    blinker/counter_reg[7]
  -------------------------------------------------------------------
                         required time                         -1.633    
                         arrival time                           1.935    
  -------------------------------------------------------------------
                         slack                                  0.301    

Slack (MET) :             0.301ns  (arrival time - required time)
  Source:                 blinker/counter_reg[22]/C
                            (rising edge-triggered cell FDRE clocked by sys_clk_pin  {rise@0.000ns fall@4.000ns period=8.000ns})
  Destination:            blinker/counter_reg[23]/D
                            (rising edge-triggered cell FDRE clocked by sys_clk_pin  {rise@0.000ns fall@4.000ns period=8.000ns})
  Path Group:             sys_clk_pin
  Path Type:              Hold (Min at Fast Process Corner)
  Requirement:            0.000ns  (sys_clk_pin rise@0.000ns - sys_clk_pin rise@0.000ns)
  Data Path Delay:        0.435ns  (logic 0.310ns (71.185%)  route 0.125ns (28.815%))
  Logic Levels:           1  (CARRY4=1)
  Clock Path Skew:        0.000ns (DCD - SCD - CPR)
    Destination Clock Delay (DCD):    2.013ns
    Source Clock Delay      (SCD):    1.497ns
    Clock Pessimism Removal (CPR):    0.516ns

    Location             Delay type                Incr(ns)  Path(ns)    Netlist Resource(s)
  -------------------------------------------------------------------    -------------------
                         (clock sys_clk_pin rise edge)
                                                      0.000     0.000 r  
    K17                                               0.000     0.000 r  sys_clk (IN)
                         net (fo=0)                   0.000     0.000    sys_clk
    K17                  IBUF (Prop_ibuf_I_O)         0.259     0.259 r  sys_clk_IBUF_inst/O
                         net (fo=1, routed)           0.627     0.887    sys_clk_IBUF
    BUFGCTRL_X0Y16       BUFG (Prop_bufg_I_O)         0.026     0.913 r  sys_clk_IBUF_BUFG_inst/O
                         net (fo=27, routed)          0.585     1.497    blinker/sys_clk
    SLICE_X42Y62         FDRE                                         r  blinker/counter_reg[22]/C
  -------------------------------------------------------------------    -------------------
    SLICE_X42Y62         FDRE (Prop_fdre_C_Q)         0.164     1.661 r  blinker/counter_reg[22]/Q
                         net (fo=2, routed)           0.125     1.787    blinker/counter_reg[22]
    SLICE_X42Y62         CARRY4 (Prop_carry4_S[2]_O[3])
                                                      0.146     1.933 r  blinker/counter_reg[20]_i_1/O[3]
                         net (fo=1, routed)           0.000     1.933    blinker/counter_reg[20]_i_1_n_4
    SLICE_X42Y62         FDRE                                         r  blinker/counter_reg[23]/D
  -------------------------------------------------------------------    -------------------

                         (clock sys_clk_pin rise edge)
                                                      0.000     0.000 r  
    K17                                               0.000     0.000 r  sys_clk (IN)
                         net (fo=0)                   0.000     0.000    sys_clk
    K17                  IBUF (Prop_ibuf_I_O)         0.447     0.447 r  sys_clk_IBUF_inst/O
                         net (fo=1, routed)           0.683     1.130    sys_clk_IBUF
    BUFGCTRL_X0Y16       BUFG (Prop_bufg_I_O)         0.029     1.159 r  sys_clk_IBUF_BUFG_inst/O
                         net (fo=27, routed)          0.854     2.013    blinker/sys_clk
    SLICE_X42Y62         FDRE                                         r  blinker/counter_reg[23]/C
                         clock pessimism             -0.516     1.497    
    SLICE_X42Y62         FDRE (Hold_fdre_C_D)         0.134     1.631    blinker/counter_reg[23]
  -------------------------------------------------------------------
                         required time                         -1.631    
                         arrival time                           1.933    
  -------------------------------------------------------------------
                         slack                                  0.301    





Pulse Width Checks
--------------------------------------------------------------------------------------
Clock Name:         sys_clk_pin
Waveform(ns):       { 0.000 4.000 }
Period(ns):         8.000
Sources:            { sys_clk }

Check Type        Corner  Lib Pin  Reference Pin  Required(ns)  Actual(ns)  Slack(ns)  Location        Pin
Min Period        n/a     BUFG/I   n/a            2.155         8.000       5.845      BUFGCTRL_X0Y16  sys_clk_IBUF_BUFG_inst/I
Min Period        n/a     FDRE/C   n/a            1.000         8.000       7.000      SLICE_X42Y57    blinker/counter_reg[0]/C
Min Period        n/a     FDRE/C   n/a            1.000         8.000       7.000      SLICE_X42Y59    blinker/counter_reg[10]/C
Min Period        n/a     FDRE/C   n/a            1.000         8.000       7.000      SLICE_X42Y59    blinker/counter_reg[11]/C
Min Period        n/a     FDRE/C   n/a            1.000         8.000       7.000      SLICE_X42Y60    blinker/counter_reg[12]/C
Min Period        n/a     FDRE/C   n/a            1.000         8.000       7.000      SLICE_X42Y60    blinker/counter_reg[13]/C
Min Period        n/a     FDRE/C   n/a            1.000         8.000       7.000      SLICE_X42Y60    blinker/counter_reg[14]/C
Min Period        n/a     FDRE/C   n/a            1.000         8.000       7.000      SLICE_X42Y60    blinker/counter_reg[15]/C
Min Period        n/a     FDRE/C   n/a            1.000         8.000       7.000      SLICE_X42Y61    blinker/counter_reg[16]/C
Min Period        n/a     FDRE/C   n/a            1.000         8.000       7.000      SLICE_X42Y61    blinker/counter_reg[17]/C
Low Pulse Width   Slow    FDRE/C   n/a            0.500         4.000       3.500      SLICE_X42Y57    blinker/counter_reg[0]/C
Low Pulse Width   Fast    FDRE/C   n/a            0.500         4.000       3.500      SLICE_X42Y57    blinker/counter_reg[0]/C
Low Pulse Width   Slow    FDRE/C   n/a            0.500         4.000       3.500      SLICE_X42Y59    blinker/counter_reg[10]/C
Low Pulse Width   Fast    FDRE/C   n/a            0.500         4.000       3.500      SLICE_X42Y59    blinker/counter_reg[10]/C
Low Pulse Width   Slow    FDRE/C   n/a            0.500         4.000       3.500      SLICE_X42Y59    blinker/counter_reg[11]/C
Low Pulse Width   Fast    FDRE/C   n/a            0.500         4.000       3.500      SLICE_X42Y59    blinker/counter_reg[11]/C
Low Pulse Width   Slow    FDRE/C   n/a            0.500         4.000       3.500      SLICE_X42Y60    blinker/counter_reg[12]/C
Low Pulse Width   Fast    FDRE/C   n/a            0.500         4.000       3.500      SLICE_X42Y60    blinker/counter_reg[12]/C
Low Pulse Width   Slow    FDRE/C   n/a            0.500         4.000       3.500      SLICE_X42Y60    blinker/counter_reg[13]/C
Low Pulse Width   Fast    FDRE/C   n/a            0.500         4.000       3.500      SLICE_X42Y60    blinker/counter_reg[13]/C
High Pulse Width  Slow    FDRE/C   n/a            0.500         4.000       3.500      SLICE_X42Y57    blinker/counter_reg[0]/C
High Pulse Width  Fast    FDRE/C   n/a            0.500         4.000       3.500      SLICE_X42Y57    blinker/counter_reg[0]/C
High Pulse Width  Slow    FDRE/C   n/a            0.500         4.000       3.500      SLICE_X42Y59    blinker/counter_reg[10]/C
High Pulse Width  Fast    FDRE/C   n/a            0.500         4.000       3.500      SLICE_X42Y59    blinker/counter_reg[10]/C
High Pulse Width  Slow    FDRE/C   n/a            0.500         4.000       3.500      SLICE_X42Y59    blinker/counter_reg[11]/C
High Pulse Width  Fast    FDRE/C   n/a            0.500         4.000       3.500      SLICE_X42Y59    blinker/counter_reg[11]/C
High Pulse Width  Slow    FDRE/C   n/a            0.500         4.000       3.500      SLICE_X42Y60    blinker/counter_reg[12]/C
High Pulse Width  Fast    FDRE/C   n/a            0.500         4.000       3.500      SLICE_X42Y60    blinker/counter_reg[12]/C
High Pulse Width  Slow    FDRE/C   n/a            0.500         4.000       3.500      SLICE_X42Y60    blinker/counter_reg[13]/C
High Pulse Width  Fast    FDRE/C   n/a            0.500         4.000       3.500      SLICE_X42Y60    blinker/counter_reg[13]/C



--------------------------------------------------------------------------------------
Path Group:  (none)
From Clock:  
  To Clock:  

Max Delay             3 Endpoints
Min Delay             3 Endpoints
--------------------------------------------------------------------------------------


Max Delay Paths
--------------------------------------------------------------------------------------
Slack:                    inf
  Source:                 sw[1]
                            (input port)
  Destination:            rgb_out[0]
                            (output port)
  Path Group:             (none)
  Path Type:              Max at Slow Process Corner
  Data Path Delay:        11.301ns  (logic 5.331ns (47.168%)  route 5.971ns (52.832%))
  Logic Levels:           3  (IBUF=1 LUT4=1 OBUF=1)

    Location             Delay type                Incr(ns)  Path(ns)    Netlist Resource(s)
  -------------------------------------------------------------------    -------------------
    P15                                               0.000     0.000 f  sw[1] (IN)
                         net (fo=0)                   0.000     0.000    sw[1]
    P15                  IBUF (Prop_ibuf_I_O)         1.451     1.451 f  sw_IBUF[1]_inst/O
                         net (fo=3, routed)           2.689     4.140    blinker/sw_IBUF[1]
    SLICE_X43Y57         LUT4 (Prop_lut4_I0_O)        0.152     4.292 r  blinker/rgb_out_OBUF[0]_inst_i_1/O
                         net (fo=1, routed)           3.282     7.573    rgb_out_OBUF[0]
    V16                  OBUF (Prop_obuf_I_O)         3.728    11.301 r  rgb_out_OBUF[0]_inst/O
                         net (fo=0)                   0.000    11.301    rgb_out[0]
    V16                                                               r  rgb_out[0] (OUT)
  -------------------------------------------------------------------    -------------------

Slack:                    inf
  Source:                 sw[1]
                            (input port)
  Destination:            rgb_out[2]
                            (output port)
  Path Group:             (none)
  Path Type:              Max at Slow Process Corner
  Data Path Delay:        10.391ns  (logic 5.170ns (49.761%)  route 5.220ns (50.239%))
  Logic Levels:           3  (IBUF=1 LUT4=1 OBUF=1)

    Location             Delay type                Incr(ns)  Path(ns)    Netlist Resource(s)
  -------------------------------------------------------------------    -------------------
    P15                                               0.000     0.000 f  sw[1] (IN)
                         net (fo=0)                   0.000     0.000    sw[1]
    P15                  IBUF (Prop_ibuf_I_O)         1.451     1.451 f  sw_IBUF[1]_inst/O
                         net (fo=3, routed)           2.688     4.139    blinker/sw_IBUF[1]
    SLICE_X43Y57         LUT4 (Prop_lut4_I1_O)        0.124     4.263 r  blinker/rgb_out_OBUF[2]_inst_i_1/O
                         net (fo=1, routed)           2.532     6.795    rgb_out_OBUF[2]
    M17                  OBUF (Prop_obuf_I_O)         3.596    10.391 r  rgb_out_OBUF[2]_inst/O
                         net (fo=0)                   0.000    10.391    rgb_out[2]
    M17                                                               r  rgb_out[2] (OUT)
  -------------------------------------------------------------------    -------------------

Slack:                    inf
  Source:                 sw[1]
                            (input port)
  Destination:            rgb_out[1]
                            (output port)
  Path Group:             (none)
  Path Type:              Max at Slow Process Corner
  Data Path Delay:        10.202ns  (logic 5.086ns (49.852%)  route 5.116ns (50.148%))
  Logic Levels:           3  (IBUF=1 LUT4=1 OBUF=1)

    Location             Delay type                Incr(ns)  Path(ns)    Netlist Resource(s)
  -------------------------------------------------------------------    -------------------
    P15                                               0.000     0.000 r  sw[1] (IN)
                         net (fo=0)                   0.000     0.000    sw[1]
    P15                  IBUF (Prop_ibuf_I_O)         1.451     1.451 r  sw_IBUF[1]_inst/O
                         net (fo=3, routed)           2.689     4.140    blinker/sw_IBUF[1]
    SLICE_X43Y57         LUT4 (Prop_lut4_I2_O)        0.124     4.264 r  blinker/rgb_out_OBUF[1]_inst_i_1/O
                         net (fo=1, routed)           2.427     6.691    rgb_out_OBUF[1]
    F17                  OBUF (Prop_obuf_I_O)         3.511    10.202 r  rgb_out_OBUF[1]_inst/O
                         net (fo=0)                   0.000    10.202    rgb_out[1]
    F17                                                               r  rgb_out[1] (OUT)
  -------------------------------------------------------------------    -------------------





Min Delay Paths
--------------------------------------------------------------------------------------
Slack:                    inf
  Source:                 sw[0]
                            (input port)
  Destination:            rgb_out[1]
                            (output port)
  Path Group:             (none)
  Path Type:              Min at Fast Process Corner
  Data Path Delay:        2.603ns  (logic 1.478ns (56.762%)  route 1.126ns (43.238%))
  Logic Levels:           3  (IBUF=1 LUT4=1 OBUF=1)

    Location             Delay type                Incr(ns)  Path(ns)    Netlist Resource(s)
  -------------------------------------------------------------------    -------------------
    G15                                               0.000     0.000 f  sw[0] (IN)
                         net (fo=0)                   0.000     0.000    sw[0]
    G15                  IBUF (Prop_ibuf_I_O)         0.220     0.220 f  sw_IBUF[0]_inst/O
                         net (fo=3, routed)           0.494     0.715    blinker/sw_IBUF[0]
    SLICE_X43Y57         LUT4 (Prop_lut4_I0_O)        0.045     0.760 r  blinker/rgb_out_OBUF[1]_inst_i_1/O
                         net (fo=1, routed)           0.631     1.391    rgb_out_OBUF[1]
    F17                  OBUF (Prop_obuf_I_O)         1.212     2.603 r  rgb_out_OBUF[1]_inst/O
                         net (fo=0)                   0.000     2.603    rgb_out[1]
    F17                                                               r  rgb_out[1] (OUT)
  -------------------------------------------------------------------    -------------------

Slack:                    inf
  Source:                 sw[0]
                            (input port)
  Destination:            rgb_out[2]
                            (output port)
  Path Group:             (none)
  Path Type:              Min at Fast Process Corner
  Data Path Delay:        2.766ns  (logic 1.561ns (56.448%)  route 1.205ns (43.552%))
  Logic Levels:           3  (IBUF=1 LUT4=1 OBUF=1)

    Location             Delay type                Incr(ns)  Path(ns)    Netlist Resource(s)
  -------------------------------------------------------------------    -------------------
    G15                                               0.000     0.000 f  sw[0] (IN)
                         net (fo=0)                   0.000     0.000    sw[0]
    G15                  IBUF (Prop_ibuf_I_O)         0.220     0.220 f  sw_IBUF[0]_inst/O
                         net (fo=3, routed)           0.496     0.717    blinker/sw_IBUF[0]
    SLICE_X43Y57         LUT4 (Prop_lut4_I0_O)        0.045     0.762 r  blinker/rgb_out_OBUF[2]_inst_i_1/O
                         net (fo=1, routed)           0.708     1.470    rgb_out_OBUF[2]
    M17                  OBUF (Prop_obuf_I_O)         1.296     2.766 r  rgb_out_OBUF[2]_inst/O
                         net (fo=0)                   0.000     2.766    rgb_out[2]
    M17                                                               r  rgb_out[2] (OUT)
  -------------------------------------------------------------------    -------------------

Slack:                    inf
  Source:                 sw[0]
                            (input port)
  Destination:            rgb_out[0]
                            (output port)
  Path Group:             (none)
  Path Type:              Min at Fast Process Corner
  Data Path Delay:        3.083ns  (logic 1.551ns (50.326%)  route 1.531ns (49.674%))
  Logic Levels:           3  (IBUF=1 LUT4=1 OBUF=1)

    Location             Delay type                Incr(ns)  Path(ns)    Netlist Resource(s)
  -------------------------------------------------------------------    -------------------
    G15                                               0.000     0.000 r  sw[0] (IN)
                         net (fo=0)                   0.000     0.000    sw[0]
    G15                  IBUF (Prop_ibuf_I_O)         0.220     0.220 r  sw_IBUF[0]_inst/O
                         net (fo=3, routed)           0.494     0.715    blinker/sw_IBUF[0]
    SLICE_X43Y57         LUT4 (Prop_lut4_I2_O)        0.042     0.757 r  blinker/rgb_out_OBUF[0]_inst_i_1/O
                         net (fo=1, routed)           1.037     1.794    rgb_out_OBUF[0]
    V16                  OBUF (Prop_obuf_I_O)         1.289     3.083 r  rgb_out_OBUF[0]_inst/O
                         net (fo=0)                   0.000     3.083    rgb_out[0]
    V16                                                               r  rgb_out[0] (OUT)
  -------------------------------------------------------------------    -------------------





--------------------------------------------------------------------------------------
Path Group:  (none)
From Clock:  sys_clk_pin
  To Clock:  

Max Delay             3 Endpoints
Min Delay             3 Endpoints
--------------------------------------------------------------------------------------


Max Delay Paths
--------------------------------------------------------------------------------------
Slack:                    inf
  Source:                 blinker/led_state_reg/C
                            (rising edge-triggered cell FDRE clocked by sys_clk_pin  {rise@0.000ns fall@4.000ns period=8.000ns})
  Destination:            rgb_out[0]
                            (output port)
  Path Group:             (none)
  Path Type:              Max at Slow Process Corner
  Data Path Delay:        8.006ns  (logic 4.302ns (53.734%)  route 3.704ns (46.266%))
  Logic Levels:           2  (LUT4=1 OBUF=1)
  Clock Uncertainty:      0.025ns  ((TSJ^2 + TIJ^2)^1/2 + DJ) / 2 + PE
    Total System Jitter     (TSJ):    0.050ns
    Total Input Jitter      (TIJ):    0.000ns
    Discrete Jitter          (DJ):    0.000ns
    Phase Error              (PE):    0.000ns

    Location             Delay type                Incr(ns)  Path(ns)    Netlist Resource(s)
  -------------------------------------------------------------------    -------------------
                         (clock sys_clk_pin rise edge)
                                                      0.000     0.000 r  
    K17                                               0.000     0.000 r  sys_clk (IN)
                         net (fo=0)                   0.000     0.000    sys_clk
    K17                  IBUF (Prop_ibuf_I_O)         1.492     1.492 r  sys_clk_IBUF_inst/O
                         net (fo=1, routed)           2.076     3.568    sys_clk_IBUF
    BUFGCTRL_X0Y16       BUFG (Prop_bufg_I_O)         0.101     3.669 r  sys_clk_IBUF_BUFG_inst/O
                         net (fo=27, routed)          1.739     5.408    blinker/sys_clk
    SLICE_X43Y58         FDRE                                         r  blinker/led_state_reg/C
  -------------------------------------------------------------------    -------------------
    SLICE_X43Y58         FDRE (Prop_fdre_C_Q)         0.456     5.864 r  blinker/led_state_reg/Q
                         net (fo=4, routed)           0.422     6.286    blinker/blink
    SLICE_X43Y57         LUT4 (Prop_lut4_I3_O)        0.118     6.404 r  blinker/rgb_out_OBUF[0]_inst_i_1/O
                         net (fo=1, routed)           3.282     9.686    rgb_out_OBUF[0]
    V16                  OBUF (Prop_obuf_I_O)         3.728    13.414 r  rgb_out_OBUF[0]_inst/O
                         net (fo=0)                   0.000    13.414    rgb_out[0]
    V16                                                               r  rgb_out[0] (OUT)
  -------------------------------------------------------------------    -------------------

Slack:                    inf
  Source:                 blinker/led_state_reg/C
                            (rising edge-triggered cell FDRE clocked by sys_clk_pin  {rise@0.000ns fall@4.000ns period=8.000ns})
  Destination:            rgb_out[2]
                            (output port)
  Path Group:             (none)
  Path Type:              Max at Slow Process Corner
  Data Path Delay:        7.134ns  (logic 4.176ns (58.530%)  route 2.959ns (41.470%))
  Logic Levels:           2  (LUT4=1 OBUF=1)
  Clock Uncertainty:      0.025ns  ((TSJ^2 + TIJ^2)^1/2 + DJ) / 2 + PE
    Total System Jitter     (TSJ):    0.050ns
    Total Input Jitter      (TIJ):    0.000ns
    Discrete Jitter          (DJ):    0.000ns
    Phase Error              (PE):    0.000ns

    Location             Delay type                Incr(ns)  Path(ns)    Netlist Resource(s)
  -------------------------------------------------------------------    -------------------
                         (clock sys_clk_pin rise edge)
                                                      0.000     0.000 r  
    K17                                               0.000     0.000 r  sys_clk (IN)
                         net (fo=0)                   0.000     0.000    sys_clk
    K17                  IBUF (Prop_ibuf_I_O)         1.492     1.492 r  sys_clk_IBUF_inst/O
                         net (fo=1, routed)           2.076     3.568    sys_clk_IBUF
    BUFGCTRL_X0Y16       BUFG (Prop_bufg_I_O)         0.101     3.669 r  sys_clk_IBUF_BUFG_inst/O
                         net (fo=27, routed)          1.739     5.408    blinker/sys_clk
    SLICE_X43Y58         FDRE                                         r  blinker/led_state_reg/C
  -------------------------------------------------------------------    -------------------
    SLICE_X43Y58         FDRE (Prop_fdre_C_Q)         0.456     5.864 r  blinker/led_state_reg/Q
                         net (fo=4, routed)           0.426     6.290    blinker/blink
    SLICE_X43Y57         LUT4 (Prop_lut4_I2_O)        0.124     6.414 r  blinker/rgb_out_OBUF[2]_inst_i_1/O
                         net (fo=1, routed)           2.532     8.946    rgb_out_OBUF[2]
    M17                  OBUF (Prop_obuf_I_O)         3.596    12.542 r  rgb_out_OBUF[2]_inst/O
                         net (fo=0)                   0.000    12.542    rgb_out[2]
    M17                                                               r  rgb_out[2] (OUT)
  -------------------------------------------------------------------    -------------------

Slack:                    inf
  Source:                 blinker/led_state_reg/C
                            (rising edge-triggered cell FDRE clocked by sys_clk_pin  {rise@0.000ns fall@4.000ns period=8.000ns})
  Destination:            rgb_out[1]
                            (output port)
  Path Group:             (none)
  Path Type:              Max at Slow Process Corner
  Data Path Delay:        6.941ns  (logic 4.091ns (58.945%)  route 2.850ns (41.055%))
  Logic Levels:           2  (LUT4=1 OBUF=1)
  Clock Uncertainty:      0.025ns  ((TSJ^2 + TIJ^2)^1/2 + DJ) / 2 + PE
    Total System Jitter     (TSJ):    0.050ns
    Total Input Jitter      (TIJ):    0.000ns
    Discrete Jitter          (DJ):    0.000ns
    Phase Error              (PE):    0.000ns

    Location             Delay type                Incr(ns)  Path(ns)    Netlist Resource(s)
  -------------------------------------------------------------------    -------------------
                         (clock sys_clk_pin rise edge)
                                                      0.000     0.000 r  
    K17                                               0.000     0.000 r  sys_clk (IN)
                         net (fo=0)                   0.000     0.000    sys_clk
    K17                  IBUF (Prop_ibuf_I_O)         1.492     1.492 r  sys_clk_IBUF_inst/O
                         net (fo=1, routed)           2.076     3.568    sys_clk_IBUF
    BUFGCTRL_X0Y16       BUFG (Prop_bufg_I_O)         0.101     3.669 r  sys_clk_IBUF_BUFG_inst/O
                         net (fo=27, routed)          1.739     5.408    blinker/sys_clk
    SLICE_X43Y58         FDRE                                         r  blinker/led_state_reg/C
  -------------------------------------------------------------------    -------------------
    SLICE_X43Y58         FDRE (Prop_fdre_C_Q)         0.456     5.864 r  blinker/led_state_reg/Q
                         net (fo=4, routed)           0.422     6.286    blinker/blink
    SLICE_X43Y57         LUT4 (Prop_lut4_I3_O)        0.124     6.410 r  blinker/rgb_out_OBUF[1]_inst_i_1/O
                         net (fo=1, routed)           2.427     8.837    rgb_out_OBUF[1]
    F17                  OBUF (Prop_obuf_I_O)         3.511    12.349 r  rgb_out_OBUF[1]_inst/O
                         net (fo=0)                   0.000    12.349    rgb_out[1]
    F17                                                               r  rgb_out[1] (OUT)
  -------------------------------------------------------------------    -------------------





Min Delay Paths
--------------------------------------------------------------------------------------
Slack:                    inf
  Source:                 blinker/led_state_reg/C
                            (rising edge-triggered cell FDRE clocked by sys_clk_pin  {rise@0.000ns fall@4.000ns period=8.000ns})
  Destination:            rgb_out[1]
                            (output port)
  Path Group:             (none)
  Path Type:              Min at Fast Process Corner
  Data Path Delay:        2.186ns  (logic 1.398ns (63.972%)  route 0.788ns (36.028%))
  Logic Levels:           2  (LUT4=1 OBUF=1)
  Clock Uncertainty:      0.025ns  ((TSJ^2 + TIJ^2)^1/2 + DJ) / 2 + PE
    Total System Jitter     (TSJ):    0.050ns
    Total Input Jitter      (TIJ):    0.000ns
    Discrete Jitter          (DJ):    0.000ns
    Phase Error              (PE):    0.000ns

    Location             Delay type                Incr(ns)  Path(ns)    Netlist Resource(s)
  -------------------------------------------------------------------    -------------------
                         (clock sys_clk_pin rise edge)
                                                      0.000     0.000 r  
    K17                                               0.000     0.000 r  sys_clk (IN)
                         net (fo=0)                   0.000     0.000    sys_clk
    K17                  IBUF (Prop_ibuf_I_O)         0.259     0.259 r  sys_clk_IBUF_inst/O
                         net (fo=1, routed)           0.627     0.887    sys_clk_IBUF
    BUFGCTRL_X0Y16       BUFG (Prop_bufg_I_O)         0.026     0.913 r  sys_clk_IBUF_BUFG_inst/O
                         net (fo=27, routed)          0.587     1.499    blinker/sys_clk
    SLICE_X43Y58         FDRE                                         r  blinker/led_state_reg/C
  -------------------------------------------------------------------    -------------------
    SLICE_X43Y58         FDRE (Prop_fdre_C_Q)         0.141     1.640 r  blinker/led_state_reg/Q
                         net (fo=4, routed)           0.156     1.797    blinker/blink
    SLICE_X43Y57         LUT4 (Prop_lut4_I3_O)        0.045     1.842 r  blinker/rgb_out_OBUF[1]_inst_i_1/O
                         net (fo=1, routed)           0.631     2.473    rgb_out_OBUF[1]
    F17                  OBUF (Prop_obuf_I_O)         1.212     3.685 r  rgb_out_OBUF[1]_inst/O
                         net (fo=0)                   0.000     3.685    rgb_out[1]
    F17                                                               r  rgb_out[1] (OUT)
  -------------------------------------------------------------------    -------------------

Slack:                    inf
  Source:                 blinker/led_state_reg/C
                            (rising edge-triggered cell FDRE clocked by sys_clk_pin  {rise@0.000ns fall@4.000ns period=8.000ns})
  Destination:            rgb_out[2]
                            (output port)
  Path Group:             (none)
  Path Type:              Min at Fast Process Corner
  Data Path Delay:        2.348ns  (logic 1.482ns (63.129%)  route 0.866ns (36.871%))
  Logic Levels:           2  (LUT4=1 OBUF=1)
  Clock Uncertainty:      0.025ns  ((TSJ^2 + TIJ^2)^1/2 + DJ) / 2 + PE
    Total System Jitter     (TSJ):    0.050ns
    Total Input Jitter      (TIJ):    0.000ns
    Discrete Jitter          (DJ):    0.000ns
    Phase Error              (PE):    0.000ns

    Location             Delay type                Incr(ns)  Path(ns)    Netlist Resource(s)
  -------------------------------------------------------------------    -------------------
                         (clock sys_clk_pin rise edge)
                                                      0.000     0.000 r  
    K17                                               0.000     0.000 r  sys_clk (IN)
                         net (fo=0)                   0.000     0.000    sys_clk
    K17                  IBUF (Prop_ibuf_I_O)         0.259     0.259 r  sys_clk_IBUF_inst/O
                         net (fo=1, routed)           0.627     0.887    sys_clk_IBUF
    BUFGCTRL_X0Y16       BUFG (Prop_bufg_I_O)         0.026     0.913 r  sys_clk_IBUF_BUFG_inst/O
                         net (fo=27, routed)          0.587     1.499    blinker/sys_clk
    SLICE_X43Y58         FDRE                                         r  blinker/led_state_reg/C
  -------------------------------------------------------------------    -------------------
    SLICE_X43Y58         FDRE (Prop_fdre_C_Q)         0.141     1.640 r  blinker/led_state_reg/Q
                         net (fo=4, routed)           0.157     1.798    blinker/blink
    SLICE_X43Y57         LUT4 (Prop_lut4_I2_O)        0.045     1.843 r  blinker/rgb_out_OBUF[2]_inst_i_1/O
                         net (fo=1, routed)           0.708     2.551    rgb_out_OBUF[2]
    M17                  OBUF (Prop_obuf_I_O)         1.296     3.847 r  rgb_out_OBUF[2]_inst/O
                         net (fo=0)                   0.000     3.847    rgb_out[2]
    M17                                                               r  rgb_out[2] (OUT)
  -------------------------------------------------------------------    -------------------

Slack:                    inf
  Source:                 blinker/led_state_reg/C
                            (rising edge-triggered cell FDRE clocked by sys_clk_pin  {rise@0.000ns fall@4.000ns period=8.000ns})
  Destination:            rgb_out[0]
                            (output port)
  Path Group:             (none)
  Path Type:              Min at Fast Process Corner
  Data Path Delay:        2.671ns  (logic 1.478ns (55.331%)  route 1.193ns (44.669%))
  Logic Levels:           2  (LUT4=1 OBUF=1)
  Clock Uncertainty:      0.025ns  ((TSJ^2 + TIJ^2)^1/2 + DJ) / 2 + PE
    Total System Jitter     (TSJ):    0.050ns
    Total Input Jitter      (TIJ):    0.000ns
    Discrete Jitter          (DJ):    0.000ns
    Phase Error              (PE):    0.000ns

    Location             Delay type                Incr(ns)  Path(ns)    Netlist Resource(s)
  -------------------------------------------------------------------    -------------------
                         (clock sys_clk_pin rise edge)
                                                      0.000     0.000 r  
    K17                                               0.000     0.000 r  sys_clk (IN)
                         net (fo=0)                   0.000     0.000    sys_clk
    K17                  IBUF (Prop_ibuf_I_O)         0.259     0.259 r  sys_clk_IBUF_inst/O
                         net (fo=1, routed)           0.627     0.887    sys_clk_IBUF
    BUFGCTRL_X0Y16       BUFG (Prop_bufg_I_O)         0.026     0.913 r  sys_clk_IBUF_BUFG_inst/O
                         net (fo=27, routed)          0.587     1.499    blinker/sys_clk
    SLICE_X43Y58         FDRE                                         r  blinker/led_state_reg/C
  -------------------------------------------------------------------    -------------------
    SLICE_X43Y58         FDRE (Prop_fdre_C_Q)         0.141     1.640 r  blinker/led_state_reg/Q
                         net (fo=4, routed)           0.156     1.797    blinker/blink
    SLICE_X43Y57         LUT4 (Prop_lut4_I3_O)        0.048     1.845 r  blinker/rgb_out_OBUF[0]_inst_i_1/O
                         net (fo=1, routed)           1.037     2.881    rgb_out_OBUF[0]
    V16                  OBUF (Prop_obuf_I_O)         1.289     4.170 r  rgb_out_OBUF[0]_inst/O
                         net (fo=0)                   0.000     4.170    rgb_out[0]
    V16                                                               r  rgb_out[0] (OUT)
  -------------------------------------------------------------------    -------------------





--------------------------------------------------------------------------------------
Path Group:  (none)
From Clock:  
  To Clock:  sys_clk_pin

Max Delay            27 Endpoints
Min Delay            27 Endpoints
--------------------------------------------------------------------------------------


Max Delay Paths
--------------------------------------------------------------------------------------
Slack:                    inf
  Source:                 rst
                            (input port)
  Destination:            blinker/counter_reg[24]/R
                            (rising edge-triggered cell FDRE clocked by sys_clk_pin  {rise@0.000ns fall@4.000ns period=8.000ns})
  Path Group:             (none)
  Path Type:              Setup (Max at Slow Process Corner)
  Data Path Delay:        4.419ns  (logic 1.613ns (36.496%)  route 2.806ns (63.504%))
  Logic Levels:           2  (IBUF=1 LUT2=1)
  Clock Path Skew:        4.950ns (DCD - SCD + CPR)
    Destination Clock Delay (DCD):    4.950ns
    Source Clock Delay      (SCD):    0.000ns
    Clock Pessimism Removal (CPR):    0.000ns
  Clock Uncertainty:      0.025ns  ((TSJ^2 + TIJ^2)^1/2 + DJ) / 2 + PE
    Total System Jitter     (TSJ):    0.050ns
    Total Input Jitter      (TIJ):    0.000ns
    Discrete Jitter          (DJ):    0.000ns
    Phase Error              (PE):    0.000ns

    Location             Delay type                Incr(ns)  Path(ns)    Netlist Resource(s)
  -------------------------------------------------------------------    -------------------
    K18                                               0.000     0.000 r  rst (IN)
                         net (fo=0)                   0.000     0.000    rst
    K18                  IBUF (Prop_ibuf_I_O)         1.489     1.489 r  rst_IBUF_inst/O
                         net (fo=2, routed)           1.859     3.348    blinker/rst_IBUF
    SLICE_X43Y58         LUT2 (Prop_lut2_I1_O)        0.124     3.472 r  blinker/counter[0]_i_1/O
                         net (fo=26, routed)          0.948     4.419    blinker/counter[0]_i_1_n_0
    SLICE_X42Y63         FDRE                                         r  blinker/counter_reg[24]/R
  -------------------------------------------------------------------    -------------------

                         (clock sys_clk_pin rise edge)
                                                      0.000     0.000 r  
    K17                                               0.000     0.000 r  sys_clk (IN)
                         net (fo=0)                   0.000     0.000    sys_clk
    K17                  IBUF (Prop_ibuf_I_O)         1.421     1.421 r  sys_clk_IBUF_inst/O
                         net (fo=1, routed)           1.880     3.301    sys_clk_IBUF
    BUFGCTRL_X0Y16       BUFG (Prop_bufg_I_O)         0.091     3.392 r  sys_clk_IBUF_BUFG_inst/O
                         net (fo=27, routed)          1.558     4.950    blinker/sys_clk
    SLICE_X42Y63         FDRE                                         r  blinker/counter_reg[24]/C

Slack:                    inf
  Source:                 rst
                            (input port)
  Destination:            blinker/counter_reg[25]/R
                            (rising edge-triggered cell FDRE clocked by sys_clk_pin  {rise@0.000ns fall@4.000ns period=8.000ns})
  Path Group:             (none)
  Path Type:              Setup (Max at Slow Process Corner)
  Data Path Delay:        4.419ns  (logic 1.613ns (36.496%)  route 2.806ns (63.504%))
  Logic Levels:           2  (IBUF=1 LUT2=1)
  Clock Path Skew:        4.950ns (DCD - SCD + CPR)
    Destination Clock Delay (DCD):    4.950ns
    Source Clock Delay      (SCD):    0.000ns
    Clock Pessimism Removal (CPR):    0.000ns
  Clock Uncertainty:      0.025ns  ((TSJ^2 + TIJ^2)^1/2 + DJ) / 2 + PE
    Total System Jitter     (TSJ):    0.050ns
    Total Input Jitter      (TIJ):    0.000ns
    Discrete Jitter          (DJ):    0.000ns
    Phase Error              (PE):    0.000ns

    Location             Delay type                Incr(ns)  Path(ns)    Netlist Resource(s)
  -------------------------------------------------------------------    -------------------
    K18                                               0.000     0.000 r  rst (IN)
                         net (fo=0)                   0.000     0.000    rst
    K18                  IBUF (Prop_ibuf_I_O)         1.489     1.489 r  rst_IBUF_inst/O
                         net (fo=2, routed)           1.859     3.348    blinker/rst_IBUF
    SLICE_X43Y58         LUT2 (Prop_lut2_I1_O)        0.124     3.472 r  blinker/counter[0]_i_1/O
                         net (fo=26, routed)          0.948     4.419    blinker/counter[0]_i_1_n_0
    SLICE_X42Y63         FDRE                                         r  blinker/counter_reg[25]/R
  -------------------------------------------------------------------    -------------------

                         (clock sys_clk_pin rise edge)
                                                      0.000     0.000 r  
    K17                                               0.000     0.000 r  sys_clk (IN)
                         net (fo=0)                   0.000     0.000    sys_clk
    K17                  IBUF (Prop_ibuf_I_O)         1.421     1.421 r  sys_clk_IBUF_inst/O
                         net (fo=1, routed)           1.880     3.301    sys_clk_IBUF
    BUFGCTRL_X0Y16       BUFG (Prop_bufg_I_O)         0.091     3.392 r  sys_clk_IBUF_BUFG_inst/O
                         net (fo=27, routed)          1.558     4.950    blinker/sys_clk
    SLICE_X42Y63         FDRE                                         r  blinker/counter_reg[25]/C

Slack:                    inf
  Source:                 rst
                            (input port)
  Destination:            blinker/counter_reg[20]/R
                            (rising edge-triggered cell FDRE clocked by sys_clk_pin  {rise@0.000ns fall@4.000ns period=8.000ns})
  Path Group:             (none)
  Path Type:              Setup (Max at Slow Process Corner)
  Data Path Delay:        4.281ns  (logic 1.613ns (37.676%)  route 2.668ns (62.324%))
  Logic Levels:           2  (IBUF=1 LUT2=1)
  Clock Path Skew:        4.951ns (DCD - SCD + CPR)
    Destination Clock Delay (DCD):    4.951ns
    Source Clock Delay      (SCD):    0.000ns
    Clock Pessimism Removal (CPR):    0.000ns
  Clock Uncertainty:      0.025ns  ((TSJ^2 + TIJ^2)^1/2 + DJ) / 2 + PE
    Total System Jitter     (TSJ):    0.050ns
    Total Input Jitter      (TIJ):    0.000ns
    Discrete Jitter          (DJ):    0.000ns
    Phase Error              (PE):    0.000ns

    Location             Delay type                Incr(ns)  Path(ns)    Netlist Resource(s)
  -------------------------------------------------------------------    -------------------
    K18                                               0.000     0.000 r  rst (IN)
                         net (fo=0)                   0.000     0.000    rst
    K18                  IBUF (Prop_ibuf_I_O)         1.489     1.489 r  rst_IBUF_inst/O
                         net (fo=2, routed)           1.859     3.348    blinker/rst_IBUF
    SLICE_X43Y58         LUT2 (Prop_lut2_I1_O)        0.124     3.472 r  blinker/counter[0]_i_1/O
                         net (fo=26, routed)          0.809     4.281    blinker/counter[0]_i_1_n_0
    SLICE_X42Y62         FDRE                                         r  blinker/counter_reg[20]/R
  -------------------------------------------------------------------    -------------------

                         (clock sys_clk_pin rise edge)
                                                      0.000     0.000 r  
    K17                                               0.000     0.000 r  sys_clk (IN)
                         net (fo=0)                   0.000     0.000    sys_clk
    K17                  IBUF (Prop_ibuf_I_O)         1.421     1.421 r  sys_clk_IBUF_inst/O
                         net (fo=1, routed)           1.880     3.301    sys_clk_IBUF
    BUFGCTRL_X0Y16       BUFG (Prop_bufg_I_O)         0.091     3.392 r  sys_clk_IBUF_BUFG_inst/O
                         net (fo=27, routed)          1.559     4.951    blinker/sys_clk
    SLICE_X42Y62         FDRE                                         r  blinker/counter_reg[20]/C

Slack:                    inf
  Source:                 rst
                            (input port)
  Destination:            blinker/counter_reg[21]/R
                            (rising edge-triggered cell FDRE clocked by sys_clk_pin  {rise@0.000ns fall@4.000ns period=8.000ns})
  Path Group:             (none)
  Path Type:              Setup (Max at Slow Process Corner)
  Data Path Delay:        4.281ns  (logic 1.613ns (37.676%)  route 2.668ns (62.324%))
  Logic Levels:           2  (IBUF=1 LUT2=1)
  Clock Path Skew:        4.951ns (DCD - SCD + CPR)
    Destination Clock Delay (DCD):    4.951ns
    Source Clock Delay      (SCD):    0.000ns
    Clock Pessimism Removal (CPR):    0.000ns
  Clock Uncertainty:      0.025ns  ((TSJ^2 + TIJ^2)^1/2 + DJ) / 2 + PE
    Total System Jitter     (TSJ):    0.050ns
    Total Input Jitter      (TIJ):    0.000ns
    Discrete Jitter          (DJ):    0.000ns
    Phase Error              (PE):    0.000ns

    Location             Delay type                Incr(ns)  Path(ns)    Netlist Resource(s)
  -------------------------------------------------------------------    -------------------
    K18                                               0.000     0.000 r  rst (IN)
                         net (fo=0)                   0.000     0.000    rst
    K18                  IBUF (Prop_ibuf_I_O)         1.489     1.489 r  rst_IBUF_inst/O
                         net (fo=2, routed)           1.859     3.348    blinker/rst_IBUF
    SLICE_X43Y58         LUT2 (Prop_lut2_I1_O)        0.124     3.472 r  blinker/counter[0]_i_1/O
                         net (fo=26, routed)          0.809     4.281    blinker/counter[0]_i_1_n_0
    SLICE_X42Y62         FDRE                                         r  blinker/counter_reg[21]/R
  -------------------------------------------------------------------    -------------------

                         (clock sys_clk_pin rise edge)
                                                      0.000     0.000 r  
    K17                                               0.000     0.000 r  sys_clk (IN)
                         net (fo=0)                   0.000     0.000    sys_clk
    K17                  IBUF (Prop_ibuf_I_O)         1.421     1.421 r  sys_clk_IBUF_inst/O
                         net (fo=1, routed)           1.880     3.301    sys_clk_IBUF
    BUFGCTRL_X0Y16       BUFG (Prop_bufg_I_O)         0.091     3.392 r  sys_clk_IBUF_BUFG_inst/O
                         net (fo=27, routed)          1.559     4.951    blinker/sys_clk
    SLICE_X42Y62         FDRE                                         r  blinker/counter_reg[21]/C

Slack:                    inf
  Source:                 rst
                            (input port)
  Destination:            blinker/counter_reg[22]/R
                            (rising edge-triggered cell FDRE clocked by sys_clk_pin  {rise@0.000ns fall@4.000ns period=8.000ns})
  Path Group:             (none)
  Path Type:              Setup (Max at Slow Process Corner)
  Data Path Delay:        4.281ns  (logic 1.613ns (37.676%)  route 2.668ns (62.324%))
  Logic Levels:           2  (IBUF=1 LUT2=1)
  Clock Path Skew:        4.951ns (DCD - SCD + CPR)
    Destination Clock Delay (DCD):    4.951ns
    Source Clock Delay      (SCD):    0.000ns
    Clock Pessimism Removal (CPR):    0.000ns
  Clock Uncertainty:      0.025ns  ((TSJ^2 + TIJ^2)^1/2 + DJ) / 2 + PE
    Total System Jitter     (TSJ):    0.050ns
    Total Input Jitter      (TIJ):    0.000ns
    Discrete Jitter          (DJ):    0.000ns
    Phase Error              (PE):    0.000ns

    Location             Delay type                Incr(ns)  Path(ns)    Netlist Resource(s)
  -------------------------------------------------------------------    -------------------
    K18                                               0.000     0.000 r  rst (IN)
                         net (fo=0)                   0.000     0.000    rst
    K18                  IBUF (Prop_ibuf_I_O)         1.489     1.489 r  rst_IBUF_inst/O
                         net (fo=2, routed)           1.859     3.348    blinker/rst_IBUF
    SLICE_X43Y58         LUT2 (Prop_lut2_I1_O)        0.124     3.472 r  blinker/counter[0]_i_1/O
                         net (fo=26, routed)          0.809     4.281    blinker/counter[0]_i_1_n_0
    SLICE_X42Y62         FDRE                                         r  blinker/counter_reg[22]/R
  -------------------------------------------------------------------    -------------------

                         (clock sys_clk_pin rise edge)
                                                      0.000     0.000 r  
    K17                                               0.000     0.000 r  sys_clk (IN)
                         net (fo=0)                   0.000     0.000    sys_clk
    K17                  IBUF (Prop_ibuf_I_O)         1.421     1.421 r  sys_clk_IBUF_inst/O
                         net (fo=1, routed)           1.880     3.301    sys_clk_IBUF
    BUFGCTRL_X0Y16       BUFG (Prop_bufg_I_O)         0.091     3.392 r  sys_clk_IBUF_BUFG_inst/O
                         net (fo=27, routed)          1.559     4.951    blinker/sys_clk
    SLICE_X42Y62         FDRE                                         r  blinker/counter_reg[22]/C

Slack:                    inf
  Source:                 rst
                            (input port)
  Destination:            blinker/counter_reg[23]/R
                            (rising edge-triggered cell FDRE clocked by sys_clk_pin  {rise@0.000ns fall@4.000ns period=8.000ns})
  Path Group:             (none)
  Path Type:              Setup (Max at Slow Process Corner)
  Data Path Delay:        4.281ns  (logic 1.613ns (37.676%)  route 2.668ns (62.324%))
  Logic Levels:           2  (IBUF=1 LUT2=1)
  Clock Path Skew:        4.951ns (DCD - SCD + CPR)
    Destination Clock Delay (DCD):    4.951ns
    Source Clock Delay      (SCD):    0.000ns
    Clock Pessimism Removal (CPR):    0.000ns
  Clock Uncertainty:      0.025ns  ((TSJ^2 + TIJ^2)^1/2 + DJ) / 2 + PE
    Total System Jitter     (TSJ):    0.050ns
    Total Input Jitter      (TIJ):    0.000ns
    Discrete Jitter          (DJ):    0.000ns
    Phase Error              (PE):    0.000ns

    Location             Delay type                Incr(ns)  Path(ns)    Netlist Resource(s)
  -------------------------------------------------------------------    -------------------
    K18                                               0.000     0.000 r  rst (IN)
                         net (fo=0)                   0.000     0.000    rst
    K18                  IBUF (Prop_ibuf_I_O)         1.489     1.489 r  rst_IBUF_inst/O
                         net (fo=2, routed)           1.859     3.348    blinker/rst_IBUF
    SLICE_X43Y58         LUT2 (Prop_lut2_I1_O)        0.124     3.472 r  blinker/counter[0]_i_1/O
                         net (fo=26, routed)          0.809     4.281    blinker/counter[0]_i_1_n_0
    SLICE_X42Y62         FDRE                                         r  blinker/counter_reg[23]/R
  -------------------------------------------------------------------    -------------------

                         (clock sys_clk_pin rise edge)
                                                      0.000     0.000 r  
    K17                                               0.000     0.000 r  sys_clk (IN)
                         net (fo=0)                   0.000     0.000    sys_clk
    K17                  IBUF (Prop_ibuf_I_O)         1.421     1.421 r  sys_clk_IBUF_inst/O
                         net (fo=1, routed)           1.880     3.301    sys_clk_IBUF
    BUFGCTRL_X0Y16       BUFG (Prop_bufg_I_O)         0.091     3.392 r  sys_clk_IBUF_BUFG_inst/O
                         net (fo=27, routed)          1.559     4.951    blinker/sys_clk
    SLICE_X42Y62         FDRE                                         r  blinker/counter_reg[23]/C

Slack:                    inf
  Source:                 rst
                            (input port)
  Destination:            blinker/counter_reg[16]/R
                            (rising edge-triggered cell FDRE clocked by sys_clk_pin  {rise@0.000ns fall@4.000ns period=8.000ns})
  Path Group:             (none)
  Path Type:              Setup (Max at Slow Process Corner)
  Data Path Delay:        4.133ns  (logic 1.613ns (39.028%)  route 2.520ns (60.972%))
  Logic Levels:           2  (IBUF=1 LUT2=1)
  Clock Path Skew:        4.952ns (DCD - SCD + CPR)
    Destination Clock Delay (DCD):    4.952ns
    Source Clock Delay      (SCD):    0.000ns
    Clock Pessimism Removal (CPR):    0.000ns
  Clock Uncertainty:      0.025ns  ((TSJ^2 + TIJ^2)^1/2 + DJ) / 2 + PE
    Total System Jitter     (TSJ):    0.050ns
    Total Input Jitter      (TIJ):    0.000ns
    Discrete Jitter          (DJ):    0.000ns
    Phase Error              (PE):    0.000ns

    Location             Delay type                Incr(ns)  Path(ns)    Netlist Resource(s)
  -------------------------------------------------------------------    -------------------
    K18                                               0.000     0.000 r  rst (IN)
                         net (fo=0)                   0.000     0.000    rst
    K18                  IBUF (Prop_ibuf_I_O)         1.489     1.489 r  rst_IBUF_inst/O
                         net (fo=2, routed)           1.859     3.348    blinker/rst_IBUF
    SLICE_X43Y58         LUT2 (Prop_lut2_I1_O)        0.124     3.472 r  blinker/counter[0]_i_1/O
                         net (fo=26, routed)          0.661     4.133    blinker/counter[0]_i_1_n_0
    SLICE_X42Y61         FDRE                                         r  blinker/counter_reg[16]/R
  -------------------------------------------------------------------    -------------------

                         (clock sys_clk_pin rise edge)
                                                      0.000     0.000 r  
    K17                                               0.000     0.000 r  sys_clk (IN)
                         net (fo=0)                   0.000     0.000    sys_clk
    K17                  IBUF (Prop_ibuf_I_O)         1.421     1.421 r  sys_clk_IBUF_inst/O
                         net (fo=1, routed)           1.880     3.301    sys_clk_IBUF
    BUFGCTRL_X0Y16       BUFG (Prop_bufg_I_O)         0.091     3.392 r  sys_clk_IBUF_BUFG_inst/O
                         net (fo=27, routed)          1.560     4.952    blinker/sys_clk
    SLICE_X42Y61         FDRE                                         r  blinker/counter_reg[16]/C

Slack:                    inf
  Source:                 rst
                            (input port)
  Destination:            blinker/counter_reg[17]/R
                            (rising edge-triggered cell FDRE clocked by sys_clk_pin  {rise@0.000ns fall@4.000ns period=8.000ns})
  Path Group:             (none)
  Path Type:              Setup (Max at Slow Process Corner)
  Data Path Delay:        4.133ns  (logic 1.613ns (39.028%)  route 2.520ns (60.972%))
  Logic Levels:           2  (IBUF=1 LUT2=1)
  Clock Path Skew:        4.952ns (DCD - SCD + CPR)
    Destination Clock Delay (DCD):    4.952ns
    Source Clock Delay      (SCD):    0.000ns
    Clock Pessimism Removal (CPR):    0.000ns
  Clock Uncertainty:      0.025ns  ((TSJ^2 + TIJ^2)^1/2 + DJ) / 2 + PE
    Total System Jitter     (TSJ):    0.050ns
    Total Input Jitter      (TIJ):    0.000ns
    Discrete Jitter          (DJ):    0.000ns
    Phase Error              (PE):    0.000ns

    Location             Delay type                Incr(ns)  Path(ns)    Netlist Resource(s)
  -------------------------------------------------------------------    -------------------
    K18                                               0.000     0.000 r  rst (IN)
                         net (fo=0)                   0.000     0.000    rst
    K18                  IBUF (Prop_ibuf_I_O)         1.489     1.489 r  rst_IBUF_inst/O
                         net (fo=2, routed)           1.859     3.348    blinker/rst_IBUF
    SLICE_X43Y58         LUT2 (Prop_lut2_I1_O)        0.124     3.472 r  blinker/counter[0]_i_1/O
                         net (fo=26, routed)          0.661     4.133    blinker/counter[0]_i_1_n_0
    SLICE_X42Y61         FDRE                                         r  blinker/counter_reg[17]/R
  -------------------------------------------------------------------    -------------------

                         (clock sys_clk_pin rise edge)
                                                      0.000     0.000 r  
    K17                                               0.000     0.000 r  sys_clk (IN)
                         net (fo=0)                   0.000     0.000    sys_clk
    K17                  IBUF (Prop_ibuf_I_O)         1.421     1.421 r  sys_clk_IBUF_inst/O
                         net (fo=1, routed)           1.880     3.301    sys_clk_IBUF
    BUFGCTRL_X0Y16       BUFG (Prop_bufg_I_O)         0.091     3.392 r  sys_clk_IBUF_BUFG_inst/O
                         net (fo=27, routed)          1.560     4.952    blinker/sys_clk
    SLICE_X42Y61         FDRE                                         r  blinker/counter_reg[17]/C

Slack:                    inf
  Source:                 rst
                            (input port)
  Destination:            blinker/counter_reg[18]/R
                            (rising edge-triggered cell FDRE clocked by sys_clk_pin  {rise@0.000ns fall@4.000ns period=8.000ns})
  Path Group:             (none)
  Path Type:              Setup (Max at Slow Process Corner)
  Data Path Delay:        4.133ns  (logic 1.613ns (39.028%)  route 2.520ns (60.972%))
  Logic Levels:           2  (IBUF=1 LUT2=1)
  Clock Path Skew:        4.952ns (DCD - SCD + CPR)
    Destination Clock Delay (DCD):    4.952ns
    Source Clock Delay      (SCD):    0.000ns
    Clock Pessimism Removal (CPR):    0.000ns
  Clock Uncertainty:      0.025ns  ((TSJ^2 + TIJ^2)^1/2 + DJ) / 2 + PE
    Total System Jitter     (TSJ):    0.050ns
    Total Input Jitter      (TIJ):    0.000ns
    Discrete Jitter          (DJ):    0.000ns
    Phase Error              (PE):    0.000ns

    Location             Delay type                Incr(ns)  Path(ns)    Netlist Resource(s)
  -------------------------------------------------------------------    -------------------
    K18                                               0.000     0.000 r  rst (IN)
                         net (fo=0)                   0.000     0.000    rst
    K18                  IBUF (Prop_ibuf_I_O)         1.489     1.489 r  rst_IBUF_inst/O
                         net (fo=2, routed)           1.859     3.348    blinker/rst_IBUF
    SLICE_X43Y58         LUT2 (Prop_lut2_I1_O)        0.124     3.472 r  blinker/counter[0]_i_1/O
                         net (fo=26, routed)          0.661     4.133    blinker/counter[0]_i_1_n_0
    SLICE_X42Y61         FDRE                                         r  blinker/counter_reg[18]/R
  -------------------------------------------------------------------    -------------------

                         (clock sys_clk_pin rise edge)
                                                      0.000     0.000 r  
    K17                                               0.000     0.000 r  sys_clk (IN)
                         net (fo=0)                   0.000     0.000    sys_clk
    K17                  IBUF (Prop_ibuf_I_O)         1.421     1.421 r  sys_clk_IBUF_inst/O
                         net (fo=1, routed)           1.880     3.301    sys_clk_IBUF
    BUFGCTRL_X0Y16       BUFG (Prop_bufg_I_O)         0.091     3.392 r  sys_clk_IBUF_BUFG_inst/O
                         net (fo=27, routed)          1.560     4.952    blinker/sys_clk
    SLICE_X42Y61         FDRE                                         r  blinker/counter_reg[18]/C

Slack:                    inf
  Source:                 rst
                            (input port)
  Destination:            blinker/counter_reg[19]/R
                            (rising edge-triggered cell FDRE clocked by sys_clk_pin  {rise@0.000ns fall@4.000ns period=8.000ns})
  Path Group:             (none)
  Path Type:              Setup (Max at Slow Process Corner)
  Data Path Delay:        4.133ns  (logic 1.613ns (39.028%)  route 2.520ns (60.972%))
  Logic Levels:           2  (IBUF=1 LUT2=1)
  Clock Path Skew:        4.952ns (DCD - SCD + CPR)
    Destination Clock Delay (DCD):    4.952ns
    Source Clock Delay      (SCD):    0.000ns
    Clock Pessimism Removal (CPR):    0.000ns
  Clock Uncertainty:      0.025ns  ((TSJ^2 + TIJ^2)^1/2 + DJ) / 2 + PE
    Total System Jitter     (TSJ):    0.050ns
    Total Input Jitter      (TIJ):    0.000ns
    Discrete Jitter          (DJ):    0.000ns
    Phase Error              (PE):    0.000ns

    Location             Delay type                Incr(ns)  Path(ns)    Netlist Resource(s)
  -------------------------------------------------------------------    -------------------
    K18                                               0.000     0.000 r  rst (IN)
                         net (fo=0)                   0.000     0.000    rst
    K18                  IBUF (Prop_ibuf_I_O)         1.489     1.489 r  rst_IBUF_inst/O
                         net (fo=2, routed)           1.859     3.348    blinker/rst_IBUF
    SLICE_X43Y58         LUT2 (Prop_lut2_I1_O)        0.124     3.472 r  blinker/counter[0]_i_1/O
                         net (fo=26, routed)          0.661     4.133    blinker/counter[0]_i_1_n_0
    SLICE_X42Y61         FDRE                                         r  blinker/counter_reg[19]/R
  -------------------------------------------------------------------    -------------------

                         (clock sys_clk_pin rise edge)
                                                      0.000     0.000 r  
    K17                                               0.000     0.000 r  sys_clk (IN)
                         net (fo=0)                   0.000     0.000    sys_clk
    K17                  IBUF (Prop_ibuf_I_O)         1.421     1.421 r  sys_clk_IBUF_inst/O
                         net (fo=1, routed)           1.880     3.301    sys_clk_IBUF
    BUFGCTRL_X0Y16       BUFG (Prop_bufg_I_O)         0.091     3.392 r  sys_clk_IBUF_BUFG_inst/O
                         net (fo=27, routed)          1.560     4.952    blinker/sys_clk
    SLICE_X42Y61         FDRE                                         r  blinker/counter_reg[19]/C





Min Delay Paths
--------------------------------------------------------------------------------------
Slack:                    inf
  Source:                 rst
                            (input port)
  Destination:            blinker/led_state_reg/D
                            (rising edge-triggered cell FDRE clocked by sys_clk_pin  {rise@0.000ns fall@4.000ns period=8.000ns})
  Path Group:             (none)
  Path Type:              Hold (Min at Fast Process Corner)
  Data Path Delay:        1.047ns  (logic 0.302ns (28.802%)  route 0.746ns (71.198%))
  Logic Levels:           2  (IBUF=1 LUT3=1)
  Clock Path Skew:        2.016ns (DCD - SCD - CPR)
    Destination Clock Delay (DCD):    2.016ns
    Source Clock Delay      (SCD):    0.000ns
    Clock Pessimism Removal (CPR):    -0.000ns

    Location             Delay type                Incr(ns)  Path(ns)    Netlist Resource(s)
  -------------------------------------------------------------------    -------------------
    K18                                               0.000     0.000 f  rst (IN)
                         net (fo=0)                   0.000     0.000    rst
    K18                  IBUF (Prop_ibuf_I_O)         0.257     0.257 f  rst_IBUF_inst/O
                         net (fo=2, routed)           0.746     1.002    blinker/rst_IBUF
    SLICE_X43Y58         LUT3 (Prop_lut3_I2_O)        0.045     1.047 r  blinker/led_state_i_1/O
                         net (fo=1, routed)           0.000     1.047    blinker/led_state_i_1_n_0
    SLICE_X43Y58         FDRE                                         r  blinker/led_state_reg/D
  -------------------------------------------------------------------    -------------------

                         (clock sys_clk_pin rise edge)
                                                      0.000     0.000 r  
    K17                                               0.000     0.000 r  sys_clk (IN)
                         net (fo=0)                   0.000     0.000    sys_clk
    K17                  IBUF (Prop_ibuf_I_O)         0.447     0.447 r  sys_clk_IBUF_inst/O
                         net (fo=1, routed)           0.683     1.130    sys_clk_IBUF
    BUFGCTRL_X0Y16       BUFG (Prop_bufg_I_O)         0.029     1.159 r  sys_clk_IBUF_BUFG_inst/O
                         net (fo=27, routed)          0.857     2.016    blinker/sys_clk
    SLICE_X43Y58         FDRE                                         r  blinker/led_state_reg/C

Slack:                    inf
  Source:                 rst
                            (input port)
  Destination:            blinker/counter_reg[4]/R
                            (rising edge-triggered cell FDRE clocked by sys_clk_pin  {rise@0.000ns fall@4.000ns period=8.000ns})
  Path Group:             (none)
  Path Type:              Hold (Min at Fast Process Corner)
  Data Path Delay:        1.191ns  (logic 0.302ns (25.318%)  route 0.890ns (74.682%))
  Logic Levels:           2  (IBUF=1 LUT2=1)
  Clock Path Skew:        2.016ns (DCD - SCD - CPR)
    Destination Clock Delay (DCD):    2.016ns
    Source Clock Delay      (SCD):    0.000ns
    Clock Pessimism Removal (CPR):    -0.000ns

    Location             Delay type                Incr(ns)  Path(ns)    Netlist Resource(s)
  -------------------------------------------------------------------    -------------------
    K18                                               0.000     0.000 r  rst (IN)
                         net (fo=0)                   0.000     0.000    rst
    K18                  IBUF (Prop_ibuf_I_O)         0.257     0.257 r  rst_IBUF_inst/O
                         net (fo=2, routed)           0.747     1.003    blinker/rst_IBUF
    SLICE_X43Y58         LUT2 (Prop_lut2_I1_O)        0.045     1.048 r  blinker/counter[0]_i_1/O
                         net (fo=26, routed)          0.143     1.191    blinker/counter[0]_i_1_n_0
    SLICE_X42Y58         FDRE                                         r  blinker/counter_reg[4]/R
  -------------------------------------------------------------------    -------------------

                         (clock sys_clk_pin rise edge)
                                                      0.000     0.000 r  
    K17                                               0.000     0.000 r  sys_clk (IN)
                         net (fo=0)                   0.000     0.000    sys_clk
    K17                  IBUF (Prop_ibuf_I_O)         0.447     0.447 r  sys_clk_IBUF_inst/O
                         net (fo=1, routed)           0.683     1.130    sys_clk_IBUF
    BUFGCTRL_X0Y16       BUFG (Prop_bufg_I_O)         0.029     1.159 r  sys_clk_IBUF_BUFG_inst/O
                         net (fo=27, routed)          0.857     2.016    blinker/sys_clk
    SLICE_X42Y58         FDRE                                         r  blinker/counter_reg[4]/C

Slack:                    inf
  Source:                 rst
                            (input port)
  Destination:            blinker/counter_reg[5]/R
                            (rising edge-triggered cell FDRE clocked by sys_clk_pin  {rise@0.000ns fall@4.000ns period=8.000ns})
  Path Group:             (none)
  Path Type:              Hold (Min at Fast Process Corner)
  Data Path Delay:        1.191ns  (logic 0.302ns (25.318%)  route 0.890ns (74.682%))
  Logic Levels:           2  (IBUF=1 LUT2=1)
  Clock Path Skew:        2.016ns (DCD - SCD - CPR)
    Destination Clock Delay (DCD):    2.016ns
    Source Clock Delay      (SCD):    0.000ns
    Clock Pessimism Removal (CPR):    -0.000ns

    Location             Delay type                Incr(ns)  Path(ns)    Netlist Resource(s)
  -------------------------------------------------------------------    -------------------
    K18                                               0.000     0.000 r  rst (IN)
                         net (fo=0)                   0.000     0.000    rst
    K18                  IBUF (Prop_ibuf_I_O)         0.257     0.257 r  rst_IBUF_inst/O
                         net (fo=2, routed)           0.747     1.003    blinker/rst_IBUF
    SLICE_X43Y58         LUT2 (Prop_lut2_I1_O)        0.045     1.048 r  blinker/counter[0]_i_1/O
                         net (fo=26, routed)          0.143     1.191    blinker/counter[0]_i_1_n_0
    SLICE_X42Y58         FDRE                                         r  blinker/counter_reg[5]/R
  -------------------------------------------------------------------    -------------------

                         (clock sys_clk_pin rise edge)
                                                      0.000     0.000 r  
    K17                                               0.000     0.000 r  sys_clk (IN)
                         net (fo=0)                   0.000     0.000    sys_clk
    K17                  IBUF (Prop_ibuf_I_O)         0.447     0.447 r  sys_clk_IBUF_inst/O
                         net (fo=1, routed)           0.683     1.130    sys_clk_IBUF
    BUFGCTRL_X0Y16       BUFG (Prop_bufg_I_O)         0.029     1.159 r  sys_clk_IBUF_BUFG_inst/O
                         net (fo=27, routed)          0.857     2.016    blinker/sys_clk
    SLICE_X42Y58         FDRE                                         r  blinker/counter_reg[5]/C

Slack:                    inf
  Source:                 rst
                            (input port)
  Destination:            blinker/counter_reg[6]/R
                            (rising edge-triggered cell FDRE clocked by sys_clk_pin  {rise@0.000ns fall@4.000ns period=8.000ns})
  Path Group:             (none)
  Path Type:              Hold (Min at Fast Process Corner)
  Data Path Delay:        1.191ns  (logic 0.302ns (25.318%)  route 0.890ns (74.682%))
  Logic Levels:           2  (IBUF=1 LUT2=1)
  Clock Path Skew:        2.016ns (DCD - SCD - CPR)
    Destination Clock Delay (DCD):    2.016ns
    Source Clock Delay      (SCD):    0.000ns
    Clock Pessimism Removal (CPR):    -0.000ns

    Location             Delay type                Incr(ns)  Path(ns)    Netlist Resource(s)
  -------------------------------------------------------------------    -------------------
    K18                                               0.000     0.000 r  rst (IN)
                         net (fo=0)                   0.000     0.000    rst
    K18                  IBUF (Prop_ibuf_I_O)         0.257     0.257 r  rst_IBUF_inst/O
                         net (fo=2, routed)           0.747     1.003    blinker/rst_IBUF
    SLICE_X43Y58         LUT2 (Prop_lut2_I1_O)        0.045     1.048 r  blinker/counter[0]_i_1/O
                         net (fo=26, routed)          0.143     1.191    blinker/counter[0]_i_1_n_0
    SLICE_X42Y58         FDRE                                         r  blinker/counter_reg[6]/R
  -------------------------------------------------------------------    -------------------

                         (clock sys_clk_pin rise edge)
                                                      0.000     0.000 r  
    K17                                               0.000     0.000 r  sys_clk (IN)
                         net (fo=0)                   0.000     0.000    sys_clk
    K17                  IBUF (Prop_ibuf_I_O)         0.447     0.447 r  sys_clk_IBUF_inst/O
                         net (fo=1, routed)           0.683     1.130    sys_clk_IBUF
    BUFGCTRL_X0Y16       BUFG (Prop_bufg_I_O)         0.029     1.159 r  sys_clk_IBUF_BUFG_inst/O
                         net (fo=27, routed)          0.857     2.016    blinker/sys_clk
    SLICE_X42Y58         FDRE                                         r  blinker/counter_reg[6]/C

Slack:                    inf
  Source:                 rst
                            (input port)
  Destination:            blinker/counter_reg[7]/R
                            (rising edge-triggered cell FDRE clocked by sys_clk_pin  {rise@0.000ns fall@4.000ns period=8.000ns})
  Path Group:             (none)
  Path Type:              Hold (Min at Fast Process Corner)
  Data Path Delay:        1.191ns  (logic 0.302ns (25.318%)  route 0.890ns (74.682%))
  Logic Levels:           2  (IBUF=1 LUT2=1)
  Clock Path Skew:        2.016ns (DCD - SCD - CPR)
    Destination Clock Delay (DCD):    2.016ns
    Source Clock Delay      (SCD):    0.000ns
    Clock Pessimism Removal (CPR):    -0.000ns

    Location             Delay type                Incr(ns)  Path(ns)    Netlist Resource(s)
  -------------------------------------------------------------------    -------------------
    K18                                               0.000     0.000 r  rst (IN)
                         net (fo=0)                   0.000     0.000    rst
    K18                  IBUF (Prop_ibuf_I_O)         0.257     0.257 r  rst_IBUF_inst/O
                         net (fo=2, routed)           0.747     1.003    blinker/rst_IBUF
    SLICE_X43Y58         LUT2 (Prop_lut2_I1_O)        0.045     1.048 r  blinker/counter[0]_i_1/O
                         net (fo=26, routed)          0.143     1.191    blinker/counter[0]_i_1_n_0
    SLICE_X42Y58         FDRE                                         r  blinker/counter_reg[7]/R
  -------------------------------------------------------------------    -------------------

                         (clock sys_clk_pin rise edge)
                                                      0.000     0.000 r  
    K17                                               0.000     0.000 r  sys_clk (IN)
                         net (fo=0)                   0.000     0.000    sys_clk
    K17                  IBUF (Prop_ibuf_I_O)         0.447     0.447 r  sys_clk_IBUF_inst/O
                         net (fo=1, routed)           0.683     1.130    sys_clk_IBUF
    BUFGCTRL_X0Y16       BUFG (Prop_bufg_I_O)         0.029     1.159 r  sys_clk_IBUF_BUFG_inst/O
                         net (fo=27, routed)          0.857     2.016    blinker/sys_clk
    SLICE_X42Y58         FDRE                                         r  blinker/counter_reg[7]/C

Slack:                    inf
  Source:                 rst
                            (input port)
  Destination:            blinker/counter_reg[10]/R
                            (rising edge-triggered cell FDRE clocked by sys_clk_pin  {rise@0.000ns fall@4.000ns period=8.000ns})
  Path Group:             (none)
  Path Type:              Hold (Min at Fast Process Corner)
  Data Path Delay:        1.246ns  (logic 0.302ns (24.203%)  route 0.945ns (75.797%))
  Logic Levels:           2  (IBUF=1 LUT2=1)
  Clock Path Skew:        2.016ns (DCD - SCD - CPR)
    Destination Clock Delay (DCD):    2.016ns
    Source Clock Delay      (SCD):    0.000ns
    Clock Pessimism Removal (CPR):    -0.000ns

    Location             Delay type                Incr(ns)  Path(ns)    Netlist Resource(s)
  -------------------------------------------------------------------    -------------------
    K18                                               0.000     0.000 r  rst (IN)
                         net (fo=0)                   0.000     0.000    rst
    K18                  IBUF (Prop_ibuf_I_O)         0.257     0.257 r  rst_IBUF_inst/O
                         net (fo=2, routed)           0.747     1.003    blinker/rst_IBUF
    SLICE_X43Y58         LUT2 (Prop_lut2_I1_O)        0.045     1.048 r  blinker/counter[0]_i_1/O
                         net (fo=26, routed)          0.198     1.246    blinker/counter[0]_i_1_n_0
    SLICE_X42Y59         FDRE                                         r  blinker/counter_reg[10]/R
  -------------------------------------------------------------------    -------------------

                         (clock sys_clk_pin rise edge)
                                                      0.000     0.000 r  
    K17                                               0.000     0.000 r  sys_clk (IN)
                         net (fo=0)                   0.000     0.000    sys_clk
    K17                  IBUF (Prop_ibuf_I_O)         0.447     0.447 r  sys_clk_IBUF_inst/O
                         net (fo=1, routed)           0.683     1.130    sys_clk_IBUF
    BUFGCTRL_X0Y16       BUFG (Prop_bufg_I_O)         0.029     1.159 r  sys_clk_IBUF_BUFG_inst/O
                         net (fo=27, routed)          0.857     2.016    blinker/sys_clk
    SLICE_X42Y59         FDRE                                         r  blinker/counter_reg[10]/C

Slack:                    inf
  Source:                 rst
                            (input port)
  Destination:            blinker/counter_reg[11]/R
                            (rising edge-triggered cell FDRE clocked by sys_clk_pin  {rise@0.000ns fall@4.000ns period=8.000ns})
  Path Group:             (none)
  Path Type:              Hold (Min at Fast Process Corner)
  Data Path Delay:        1.246ns  (logic 0.302ns (24.203%)  route 0.945ns (75.797%))
  Logic Levels:           2  (IBUF=1 LUT2=1)
  Clock Path Skew:        2.016ns (DCD - SCD - CPR)
    Destination Clock Delay (DCD):    2.016ns
    Source Clock Delay      (SCD):    0.000ns
    Clock Pessimism Removal (CPR):    -0.000ns

    Location             Delay type                Incr(ns)  Path(ns)    Netlist Resource(s)
  -------------------------------------------------------------------    -------------------
    K18                                               0.000     0.000 r  rst (IN)
                         net (fo=0)                   0.000     0.000    rst
    K18                  IBUF (Prop_ibuf_I_O)         0.257     0.257 r  rst_IBUF_inst/O
                         net (fo=2, routed)           0.747     1.003    blinker/rst_IBUF
    SLICE_X43Y58         LUT2 (Prop_lut2_I1_O)        0.045     1.048 r  blinker/counter[0]_i_1/O
                         net (fo=26, routed)          0.198     1.246    blinker/counter[0]_i_1_n_0
    SLICE_X42Y59         FDRE                                         r  blinker/counter_reg[11]/R
  -------------------------------------------------------------------    -------------------

                         (clock sys_clk_pin rise edge)
                                                      0.000     0.000 r  
    K17                                               0.000     0.000 r  sys_clk (IN)
                         net (fo=0)                   0.000     0.000    sys_clk
    K17                  IBUF (Prop_ibuf_I_O)         0.447     0.447 r  sys_clk_IBUF_inst/O
                         net (fo=1, routed)           0.683     1.130    sys_clk_IBUF
    BUFGCTRL_X0Y16       BUFG (Prop_bufg_I_O)         0.029     1.159 r  sys_clk_IBUF_BUFG_inst/O
                         net (fo=27, routed)          0.857     2.016    blinker/sys_clk
    SLICE_X42Y59         FDRE                                         r  blinker/counter_reg[11]/C

Slack:                    inf
  Source:                 rst
                            (input port)
  Destination:            blinker/counter_reg[8]/R
                            (rising edge-triggered cell FDRE clocked by sys_clk_pin  {rise@0.000ns fall@4.000ns period=8.000ns})
  Path Group:             (none)
  Path Type:              Hold (Min at Fast Process Corner)
  Data Path Delay:        1.246ns  (logic 0.302ns (24.203%)  route 0.945ns (75.797%))
  Logic Levels:           2  (IBUF=1 LUT2=1)
  Clock Path Skew:        2.016ns (DCD - SCD - CPR)
    Destination Clock Delay (DCD):    2.016ns
    Source Clock Delay      (SCD):    0.000ns
    Clock Pessimism Removal (CPR):    -0.000ns

    Location             Delay type                Incr(ns)  Path(ns)    Netlist Resource(s)
  -------------------------------------------------------------------    -------------------
    K18                                               0.000     0.000 r  rst (IN)
                         net (fo=0)                   0.000     0.000    rst
    K18                  IBUF (Prop_ibuf_I_O)         0.257     0.257 r  rst_IBUF_inst/O
                         net (fo=2, routed)           0.747     1.003    blinker/rst_IBUF
    SLICE_X43Y58         LUT2 (Prop_lut2_I1_O)        0.045     1.048 r  blinker/counter[0]_i_1/O
                         net (fo=26, routed)          0.198     1.246    blinker/counter[0]_i_1_n_0
    SLICE_X42Y59         FDRE                                         r  blinker/counter_reg[8]/R
  -------------------------------------------------------------------    -------------------

                         (clock sys_clk_pin rise edge)
                                                      0.000     0.000 r  
    K17                                               0.000     0.000 r  sys_clk (IN)
                         net (fo=0)                   0.000     0.000    sys_clk
    K17                  IBUF (Prop_ibuf_I_O)         0.447     0.447 r  sys_clk_IBUF_inst/O
                         net (fo=1, routed)           0.683     1.130    sys_clk_IBUF
    BUFGCTRL_X0Y16       BUFG (Prop_bufg_I_O)         0.029     1.159 r  sys_clk_IBUF_BUFG_inst/O
                         net (fo=27, routed)          0.857     2.016    blinker/sys_clk
    SLICE_X42Y59         FDRE                                         r  blinker/counter_reg[8]/C

Slack:                    inf
  Source:                 rst
                            (input port)
  Destination:            blinker/counter_reg[9]/R
                            (rising edge-triggered cell FDRE clocked by sys_clk_pin  {rise@0.000ns fall@4.000ns period=8.000ns})
  Path Group:             (none)
  Path Type:              Hold (Min at Fast Process Corner)
  Data Path Delay:        1.246ns  (logic 0.302ns (24.203%)  route 0.945ns (75.797%))
  Logic Levels:           2  (IBUF=1 LUT2=1)
  Clock Path Skew:        2.016ns (DCD - SCD - CPR)
    Destination Clock Delay (DCD):    2.016ns
    Source Clock Delay      (SCD):    0.000ns
    Clock Pessimism Removal (CPR):    -0.000ns

    Location             Delay type                Incr(ns)  Path(ns)    Netlist Resource(s)
  -------------------------------------------------------------------    -------------------
    K18                                               0.000     0.000 r  rst (IN)
                         net (fo=0)                   0.000     0.000    rst
    K18                  IBUF (Prop_ibuf_I_O)         0.257     0.257 r  rst_IBUF_inst/O
                         net (fo=2, routed)           0.747     1.003    blinker/rst_IBUF
    SLICE_X43Y58         LUT2 (Prop_lut2_I1_O)        0.045     1.048 r  blinker/counter[0]_i_1/O
                         net (fo=26, routed)          0.198     1.246    blinker/counter[0]_i_1_n_0
    SLICE_X42Y59         FDRE                                         r  blinker/counter_reg[9]/R
  -------------------------------------------------------------------    -------------------

                         (clock sys_clk_pin rise edge)
                                                      0.000     0.000 r  
    K17                                               0.000     0.000 r  sys_clk (IN)
                         net (fo=0)                   0.000     0.000    sys_clk
    K17                  IBUF (Prop_ibuf_I_O)         0.447     0.447 r  sys_clk_IBUF_inst/O
                         net (fo=1, routed)           0.683     1.130    sys_clk_IBUF
    BUFGCTRL_X0Y16       BUFG (Prop_bufg_I_O)         0.029     1.159 r  sys_clk_IBUF_BUFG_inst/O
                         net (fo=27, routed)          0.857     2.016    blinker/sys_clk
    SLICE_X42Y59         FDRE                                         r  blinker/counter_reg[9]/C

Slack:                    inf
  Source:                 rst
                            (input port)
  Destination:            blinker/counter_reg[12]/R
                            (rising edge-triggered cell FDRE clocked by sys_clk_pin  {rise@0.000ns fall@4.000ns period=8.000ns})
  Path Group:             (none)
  Path Type:              Hold (Min at Fast Process Corner)
  Data Path Delay:        1.250ns  (logic 0.302ns (24.128%)  route 0.948ns (75.872%))
  Logic Levels:           2  (IBUF=1 LUT2=1)
  Clock Path Skew:        2.015ns (DCD - SCD - CPR)
    Destination Clock Delay (DCD):    2.015ns
    Source Clock Delay      (SCD):    0.000ns
    Clock Pessimism Removal (CPR):    -0.000ns

    Location             Delay type                Incr(ns)  Path(ns)    Netlist Resource(s)
  -------------------------------------------------------------------    -------------------
    K18                                               0.000     0.000 r  rst (IN)
                         net (fo=0)                   0.000     0.000    rst
    K18                  IBUF (Prop_ibuf_I_O)         0.257     0.257 r  rst_IBUF_inst/O
                         net (fo=2, routed)           0.747     1.003    blinker/rst_IBUF
    SLICE_X43Y58         LUT2 (Prop_lut2_I1_O)        0.045     1.048 r  blinker/counter[0]_i_1/O
                         net (fo=26, routed)          0.202     1.250    blinker/counter[0]_i_1_n_0
    SLICE_X42Y60         FDRE                                         r  blinker/counter_reg[12]/R
  -------------------------------------------------------------------    -------------------

                         (clock sys_clk_pin rise edge)
                                                      0.000     0.000 r  
    K17                                               0.000     0.000 r  sys_clk (IN)
                         net (fo=0)                   0.000     0.000    sys_clk
    K17                  IBUF (Prop_ibuf_I_O)         0.447     0.447 r  sys_clk_IBUF_inst/O
                         net (fo=1, routed)           0.683     1.130    sys_clk_IBUF
    BUFGCTRL_X0Y16       BUFG (Prop_bufg_I_O)         0.029     1.159 r  sys_clk_IBUF_BUFG_inst/O
                         net (fo=27, routed)          0.856     2.015    blinker/sys_clk
    SLICE_X42Y60         FDRE                                         r  blinker/counter_reg[12]/C





